CID,Odor dilution,EDIBLE_count,BAKERY_count,SWEET_count,FRUIT_count,FISH_count,GARLIC_count,SPICES_count,COLD_count,SOUR_count,BURNT_count,ACID_count,WARM_count,MUSKY_count,SWEATY_count,AMMONIA/URINOUS_count,DECAYED_count,WOOD_count,GRASS_count,FLOWER_count,CHEMICAL_count,HOW STRONG IS THE SMELL?_count,HOW PLEASANT IS THE SMELL?_count,HOW FAMILIAR IS THE SMELL?_count
1001,"1/1,000",7,1,6,3,22,6,6,6,20,9,10,7,18,17,16,16,5,4,7,19,53,53,53
1001,"1/100,000",5,5,4,0,2,3,5,2,7,7,3,7,8,3,7,3,6,3,3,6,30,30,30
101010,"1/10,000,000",2,1,5,2,1,2,1,4,5,2,4,4,9,5,2,3,3,4,2,5,24,24,24
101010,"1/100,000",13,5,16,15,7,10,10,9,15,11,14,8,18,15,12,8,6,6,6,19,52,52,52
101604,"1/1,000",22,12,40,31,0,0,9,6,7,3,1,11,2,1,1,2,2,4,12,10,51,51,51
101604,"1/100,000",19,7,36,22,0,0,5,6,4,4,2,7,3,1,0,2,3,2,14,11,46,46,46
10285,"1/10,000,000",3,1,4,1,1,1,3,2,4,1,1,3,4,4,2,2,5,2,1,6,21,21,21
10285,"1/100,000",0,0,7,0,1,0,3,4,6,10,8,6,12,3,3,6,6,4,1,10,34,34,34
1030,"1/1,000",2,2,3,1,0,2,4,2,3,3,5,4,7,2,2,2,2,1,2,7,20,20,20
1030,1/10,7,4,6,3,1,3,8,5,7,8,8,3,7,3,3,5,7,6,6,8,29,29,29
1031,"1/1,000",8,4,14,2,1,4,13,3,7,4,6,5,14,4,6,3,4,6,3,7,34,34,34
1031,"1/100,000",3,3,11,3,1,2,5,1,5,0,2,3,4,4,1,2,3,4,4,3,22,22,22
1032,"1/10,000,000",4,2,6,1,4,4,5,2,9,6,7,9,12,11,5,3,6,5,4,8,40,40,40
1032,"1/100,000",6,1,15,5,2,5,10,4,27,10,12,8,22,12,7,6,8,5,7,16,62,62,62
10364,"1/1,000",14,6,7,1,2,6,28,6,5,14,11,12,9,3,8,5,9,7,5,22,55,55,55
10364,"1/100,000",7,5,5,2,1,3,13,2,2,7,6,10,8,1,3,3,15,6,3,11,44,44,44
10400,"1/1,000",5,4,15,8,2,3,7,13,8,9,22,7,5,2,17,4,4,3,6,33,51,51,51
10400,"1/100,000",4,1,10,3,2,2,4,6,3,3,4,4,5,3,2,3,5,5,5,11,25,25,25
10430,"1/10,000,000",2,3,3,0,8,7,4,2,23,5,7,8,21,21,7,18,3,1,1,14,46,46,46
10430,"1/100,000",4,1,5,2,5,7,3,4,29,5,11,10,26,28,14,23,2,2,1,10,54,54,54
10448,"1/10,000,000",10,6,0,1,10,14,19,2,19,8,7,7,13,7,4,14,4,2,0,6,49,49,49
10448,"1/100,000",16,4,2,3,13,29,17,5,17,11,13,11,16,9,14,21,4,2,3,15,55,55,55
104721,"1/1,000",18,12,15,3,6,7,10,6,13,24,15,13,18,8,13,12,20,7,3,22,55,55,55
104721,"1/100,000",21,15,20,1,1,2,13,7,11,18,5,10,13,3,3,7,11,4,4,11,52,52,52
1049,"1/10,000,000",2,4,5,0,0,2,3,2,4,3,2,1,4,2,0,2,6,3,3,4,21,21,21
1049,"1/100,000",6,4,6,3,0,3,7,4,5,4,7,3,7,5,2,2,4,2,1,5,27,27,27
1060,"1/1,000",12,11,20,1,3,4,13,6,11,18,14,13,15,8,8,7,9,2,2,18,53,53,53
1060,"1/100,000",11,8,15,3,2,3,5,2,8,6,4,9,9,4,4,3,7,4,5,8,35,35,35
106441,"1/1,000",6,1,6,1,3,5,12,7,12,13,14,6,16,8,14,14,19,20,7,22,54,54,54
106441,"1/100,000",5,1,4,3,2,4,7,11,11,7,14,6,15,4,7,9,12,19,9,16,49,49,49
1068,"1/1,000",10,3,10,6,11,7,13,7,15,4,6,6,11,10,7,17,5,6,6,11,50,50,50
1068,"1/100,000",12,7,12,6,6,10,13,9,13,7,11,10,15,7,9,14,3,2,3,7,47,47,47
106997,"1/1,000",2,2,8,4,1,2,6,10,8,7,11,5,12,5,12,9,11,22,10,15,52,52,52
106997,"1/100,000",9,4,8,3,5,3,5,9,3,6,6,7,11,3,7,4,9,13,10,9,34,34,34
10722,"1/1,000",17,9,35,16,1,2,16,10,10,6,11,12,9,5,6,5,4,5,15,28,55,55,55
10722,"1/100,000",10,3,16,11,2,3,9,9,7,6,8,9,6,4,4,1,4,3,8,19,41,41,41
10748,"1/1,000",12,9,30,10,3,4,5,5,8,5,4,11,16,5,7,4,4,7,18,16,51,51,51
10748,1/10,19,13,38,13,1,2,11,7,6,6,6,13,4,2,4,3,5,1,19,18,54,54,54
10797,"1/10,000,000",5,3,5,0,3,6,4,1,8,7,4,3,9,4,3,5,4,2,2,6,34,34,34
10797,"1/100,000",6,5,10,1,1,1,3,5,6,1,0,3,6,5,3,3,2,2,1,5,27,27,27
10857465,"1/1,000",2,1,17,3,0,1,8,4,4,2,2,11,10,3,2,2,4,5,17,11,45,45,45
10857465,1/10,3,2,15,5,1,3,8,9,7,4,9,11,16,6,10,5,12,6,26,19,52,52,52
10882,"1/1,000",31,9,48,35,1,1,4,6,11,3,7,10,3,1,2,4,3,3,18,12,54,54,54
10882,"1/100,000",25,6,45,31,1,1,6,7,11,2,7,5,2,1,2,3,3,2,10,10,52,52,52
10886,"1/1,000",3,1,9,6,1,1,5,3,5,5,10,5,6,2,2,2,4,2,3,4,25,25,25
10886,1/10,14,7,22,13,2,1,7,8,17,5,13,8,13,8,6,7,6,3,10,23,54,54,54
10890,"1/1,000",20,7,36,22,1,4,9,5,11,3,6,6,4,3,6,3,1,2,10,15,50,50,50
10890,"1/100,000",0,1,5,0,1,1,1,4,5,1,1,2,4,3,1,2,4,3,3,5,18,18,18
10895,"1/1,000",16,10,30,15,4,4,7,5,9,5,8,8,9,3,6,5,4,5,9,18,49,49,49
10895,"1/100,000",3,2,7,2,2,2,9,6,5,5,6,4,12,10,3,6,8,14,5,10,37,37,37
109-19-0,"1/1,000",17,5,31,22,2,1,4,7,7,4,18,5,3,2,10,4,2,1,9,33,55,55,55
109-19-0,"1/100,000",3,2,11,5,0,1,1,6,5,3,6,3,5,2,5,2,3,2,7,14,31,31,31
10925,"1/10,000,000",7,3,4,3,5,7,6,3,8,11,7,7,10,6,5,10,4,4,3,13,44,44,44
10925,"1/100,000",7,4,2,1,10,12,10,2,15,28,15,10,21,10,13,19,8,5,0,25,55,55,55
11086,"1/1,000",12,6,32,20,0,3,10,7,6,8,9,12,12,4,7,4,4,5,18,27,55,55,55
11086,"1/100,000",10,6,26,15,2,1,10,4,9,4,9,9,10,2,4,4,5,5,15,17,49,49,49
1110,"1/1,000",4,0,7,0,1,3,5,4,10,3,9,4,10,11,8,5,3,1,2,11,34,34,34
1110,1/10,3,2,7,5,4,6,7,7,15,9,11,6,18,12,6,5,5,3,3,20,44,44,44
11124,"1/1,000",7,5,19,5,2,4,13,6,8,10,8,7,10,5,7,4,8,6,5,13,42,42,42
11124,"1/100,000",5,3,9,3,1,2,2,4,8,3,6,5,3,4,3,3,4,5,2,11,23,23,23
1136,"1/1,000",15,7,4,0,7,14,13,4,11,13,8,14,16,9,9,11,6,5,4,13,54,54,54
1136,"1/100,000",10,6,5,2,5,5,10,2,12,10,7,6,14,5,6,6,5,3,3,16,48,48,48
11419,"1/1,000",2,1,6,3,2,4,7,7,11,13,19,7,10,7,16,11,7,2,6,44,54,54,54
11419,"1/100,000",0,0,4,2,0,1,2,3,4,2,4,2,7,3,4,1,3,3,3,10,24,24,24
11428,"1/1,000",4,3,5,4,5,4,7,7,10,6,23,5,9,9,15,8,3,4,5,33,53,53,53
11428,"1/100,000",2,2,7,0,11,4,4,3,8,3,4,3,13,6,4,7,1,2,4,5,31,31,31
11525,"1/1,000",2,1,9,4,1,2,6,8,14,8,13,8,10,6,11,4,6,3,7,24,50,50,50
11525,"1/100,000",11,4,30,18,2,2,6,3,6,2,7,10,4,3,2,2,3,4,11,8,39,39,39
11527,"1/1,000",8,3,16,10,1,4,12,7,15,6,16,6,12,5,13,8,4,6,6,29,55,55,55
11527,"1/100,000",2,3,13,3,0,2,9,2,6,4,8,4,8,3,3,3,4,4,7,9,33,33,33
11529,"1/1,000",17,10,35,19,2,4,8,10,14,5,13,5,8,3,8,4,3,6,10,22,52,52,52
11529,"1/100,000",1,0,6,2,3,2,5,3,7,1,4,6,5,4,3,4,2,3,4,7,27,27,27
11567,"1/1,000",11,7,17,7,3,3,9,14,7,14,16,9,8,7,10,4,7,5,6,35,54,54,54
11567,"1/100,000",3,1,8,2,3,4,8,5,6,5,6,3,10,6,7,4,7,4,5,16,37,37,37
11569,"1/1,000",11,7,25,7,2,2,13,5,10,7,8,9,9,4,6,4,4,6,11,24,51,51,51
11569,"1/100,000",4,3,5,0,1,1,3,3,1,1,1,4,7,1,2,2,3,1,2,5,20,20,20
11583,"1/1,000",9,4,19,13,1,2,4,5,10,7,20,8,4,5,9,5,3,4,7,37,54,54,54
11583,"1/100,000",4,3,10,2,2,2,5,3,6,3,4,3,11,6,3,1,4,3,4,11,28,28,28
11614,"1/1,000",10,7,20,8,2,4,6,6,11,7,11,11,10,6,8,8,3,4,6,26,47,47,47
11614,"1/100,000",2,2,6,2,3,2,2,2,1,5,4,3,6,2,1,2,3,2,6,5,21,21,21
11617,"1/10,000,000",4,2,5,0,1,5,4,1,3,4,2,2,4,3,1,0,5,1,2,5,23,23,23
11617,"1/100,000",5,3,3,0,5,13,9,3,8,7,7,5,8,8,6,3,2,2,0,10,36,36,36
1183,"1/1,000",44,40,51,12,1,1,7,3,2,3,2,17,4,1,1,1,1,2,11,9,54,54,54
1183,1/10,41,39,51,11,1,1,14,2,2,5,1,23,3,1,1,1,4,2,7,4,53,53,53
11902,"1/1,000",9,5,9,4,4,8,9,4,16,16,17,10,19,10,10,13,7,4,3,19,53,53,53
11902,"1/100,000",4,0,5,2,2,3,7,2,6,2,2,2,7,4,2,3,1,5,2,6,24,24,24
11980,"1/1,000",6,2,10,4,3,5,6,6,13,4,12,5,10,5,8,3,2,3,9,24,45,45,45
11980,1/10,12,5,15,8,1,3,13,6,15,10,31,11,11,8,20,5,4,5,6,39,54,54,54
12020,"1/1,000",8,4,12,4,4,6,5,5,8,10,11,8,13,7,5,6,8,4,3,24,44,44,44
12020,"1/100,000",5,4,4,3,1,2,7,3,7,5,3,6,5,2,2,4,2,1,0,5,25,25,25
12097,"1/1,000",12,9,20,16,0,0,5,6,2,4,5,11,7,1,10,5,5,5,14,14,43,43,43
12097,"1/100,000",2,3,6,2,2,2,3,6,9,7,5,3,10,5,3,3,7,4,4,8,28,28,28
12178,"1/1,000",4,6,22,7,3,7,14,15,18,17,42,6,19,9,23,13,5,5,7,81,103,103,103
12178,"1/100,000",6,3,19,7,3,3,14,8,12,12,10,12,15,8,7,6,6,3,11,24,69,69,69
12180,"1/1,000",10,4,19,15,6,4,8,4,25,5,8,11,17,8,6,15,4,3,6,18,52,52,52
12180,"1/100,000",8,2,7,4,3,3,4,8,19,5,7,6,11,9,7,9,3,3,2,12,44,44,44
12206,"1/1,000",10,2,24,18,5,4,5,4,16,5,14,8,14,9,10,12,4,4,11,19,51,51,51
12206,"1/100,000",11,3,24,13,4,6,6,9,17,4,4,10,15,9,6,6,4,3,9,16,50,50,50
12265,"1/1,000",25,19,11,2,5,12,19,4,10,20,5,18,17,9,6,8,6,2,2,11,54,54,54
12265,"1/100,000",15,14,13,1,2,5,11,3,5,7,4,8,11,7,4,7,2,1,3,10,43,43,43
12297,"1/1,000",6,1,14,3,1,1,10,8,8,8,15,8,9,6,13,7,6,5,6,35,54,54,54
12297,"1/100,000",8,4,11,5,3,5,6,5,11,6,11,4,8,5,7,3,3,4,5,12,37,37,37
12327,"1/1,000",13,3,16,14,2,4,4,4,16,4,5,11,12,4,2,3,4,5,11,15,43,43,43
12327,1/10,13,4,31,22,1,2,9,5,16,7,8,10,11,8,5,8,6,6,13,22,53,53,53
12348,"1/1,000",17,7,27,15,2,2,8,8,12,7,7,6,9,5,4,4,3,7,12,14,47,47,47
12348,"1/100,000",8,6,21,14,2,2,7,6,5,3,2,6,4,3,2,4,3,4,11,8,38,38,38
12377,"1/1,000",22,4,4,1,11,40,35,2,12,12,9,13,10,7,10,8,4,3,3,14,55,55,55
12377,"1/100,000",24,1,3,1,4,35,23,1,13,5,9,13,5,3,3,5,6,2,1,7,49,49,49
12506,"1/1,000",7,3,11,4,4,4,9,8,13,8,20,6,14,9,14,9,5,4,5,22,50,50,50
12506,"1/100,000",3,2,8,4,2,3,5,2,4,4,5,5,7,5,4,3,2,3,2,6,24,24,24
12580,"1/1,000",7,2,15,4,1,2,13,6,10,9,16,9,12,7,9,5,4,3,5,27,53,53,53
12580,"1/100,000",1,1,14,4,2,2,4,7,4,2,4,3,7,3,8,2,3,3,8,13,37,37,37
12587,"1/10,000,000",4,3,4,4,2,4,5,6,10,6,2,4,12,7,5,4,8,7,5,9,29,29,29
12587,"1/100,000",5,1,4,2,6,5,3,1,19,5,10,5,24,21,15,15,3,2,4,12,48,48,48
126,"1/1,000",7,3,16,7,0,3,9,7,8,5,9,8,9,4,5,5,1,3,6,15,37,37,37
126,1/10,6,5,27,11,3,4,8,6,13,5,6,6,12,5,5,6,3,4,14,19,52,52,52
12741,"1/1,000",10,6,24,10,3,4,5,6,6,9,8,7,9,4,6,5,5,4,15,15,48,48,48
12741,"1/100,000",4,1,13,5,0,2,7,1,5,5,4,6,11,5,4,4,2,2,8,13,31,31,31
12748,"1/1,000",10,2,7,1,8,16,17,5,10,17,14,11,11,13,9,14,9,7,1,15,49,49,49
12748,"1/100,000",9,2,9,4,6,10,14,5,15,13,12,7,14,8,6,11,6,6,4,18,47,47,47
12810,"1/1,000",26,19,46,25,3,2,10,3,9,5,6,10,4,3,2,4,6,3,12,11,54,54,54
12810,"1/100,000",15,10,30,18,2,2,6,9,9,4,8,8,3,3,6,1,5,4,14,13,46,46,46
12813,"1/1,000",15,6,30,19,1,3,8,10,6,5,10,12,8,4,6,4,5,7,21,18,54,54,54
12813,"1/100,000",9,2,24,17,0,1,5,5,3,2,2,4,5,0,2,2,2,5,8,13,39,39,39
13187,"1/1,000",16,6,29,17,3,2,9,5,14,4,11,9,6,4,6,4,5,6,15,19,49,49,49
13187,"1/100,000",3,2,9,3,0,2,3,3,4,5,3,6,9,6,1,1,3,2,4,7,27,27,27
13204,"1/1,000",11,7,16,3,2,4,9,5,4,10,9,16,4,6,7,7,7,6,5,15,45,45,45
13204,"1/100,000",3,2,10,4,0,3,5,1,6,3,2,4,7,5,3,2,3,1,6,4,25,25,25
13216,"1/1,000",11,4,19,5,2,1,14,6,10,8,9,10,16,6,7,9,15,11,15,17,50,50,50
13216,"1/100,000",4,2,6,3,4,3,6,5,9,6,5,5,10,8,7,5,6,4,5,8,31,31,31
13436,"1/1,000",9,3,3,2,10,13,13,3,12,16,13,10,16,9,8,17,5,2,3,18,50,50,50
13436,"1/100,000",11,5,3,2,7,16,16,2,15,13,8,8,18,12,10,13,5,3,1,12,50,50,50
13561,"1/1,000",8,5,21,15,3,6,6,8,13,7,10,10,10,7,9,6,5,3,11,14,43,43,43
13561,"1/100,000",1,2,7,1,1,0,3,3,8,1,4,1,2,2,0,5,2,0,2,4,23,23,23
14104,"1/1,000",2,1,4,0,0,4,15,6,3,8,13,8,6,3,3,2,8,3,4,22,48,48,48
14104,"1/100,000",2,1,5,2,0,2,7,0,2,3,1,5,5,1,1,3,4,0,2,3,18,18,18
14228,"1/1,000",1,0,5,3,0,2,3,2,5,1,3,2,1,1,0,0,2,5,6,1,14,14,14
14228,"1/100,000",2,3,8,2,2,2,4,3,4,3,3,5,2,5,3,3,2,4,4,8,19,19,19
14257,"1/1,000",6,5,5,0,0,2,5,1,2,2,2,7,5,3,0,0,3,3,2,4,24,24,24
14257,1/10,0,1,2,2,0,3,3,4,11,10,11,6,14,4,5,9,9,5,3,23,49,49,49
14286,"1/1,000",35,22,8,1,2,8,15,4,6,13,4,18,9,3,3,5,8,2,2,7,55,55,55
14286,"1/100,000",32,20,11,3,3,12,19,3,10,17,6,20,14,9,5,10,8,4,2,9,54,54,54
14296,"1/1,000",6,2,8,4,1,2,5,2,6,3,6,7,6,6,4,1,5,2,3,10,29,29,29
14296,1/10,10,6,17,6,3,4,12,8,19,18,16,10,17,5,15,9,10,10,8,24,55,55,55
14328,"1/1,000",6,3,7,1,1,3,5,4,6,7,4,6,8,5,4,7,4,5,5,10,27,27,27
14328,1/10,11,6,15,2,3,8,13,2,16,15,9,11,19,13,13,10,11,5,6,19,54,54,54
14491,"1/10,000,000",6,3,6,3,1,3,8,3,4,4,1,4,7,4,1,0,3,1,3,6,26,26,26
14491,"1/100,000",11,7,2,1,5,11,12,5,12,29,14,9,13,8,7,12,8,2,3,14,54,54,54
14514,"1/1,000",4,6,12,3,3,4,5,7,16,19,18,9,15,10,14,9,6,6,5,31,54,54,54
14514,"1/100,000",4,2,3,1,1,3,6,4,8,6,5,6,14,5,3,3,3,6,2,6,30,30,30
14525,"1/1,000",8,2,16,5,2,2,11,17,8,9,11,10,10,2,11,5,13,7,9,33,52,52,52
14525,"1/100,000",2,2,5,1,0,1,4,1,3,1,1,4,5,3,3,1,0,0,2,3,20,20,20
145742,"1/1,000",6,2,6,4,5,4,7,8,12,6,12,6,13,12,10,10,5,8,5,21,44,44,44
145742,1/10,6,8,8,3,11,10,6,2,17,16,12,13,22,13,15,20,9,2,4,18,55,55,55
15037,"1/1,000",8,5,9,6,9,10,13,13,15,10,18,12,19,10,17,9,5,12,7,25,53,53,53
15037,"1/100,000",1,0,16,7,2,2,7,7,7,5,5,6,9,7,7,3,5,5,4,14,35,35,35
15380,"1/10,000,000",6,4,14,4,2,5,7,6,9,5,6,6,12,6,3,8,3,6,3,12,37,37,37
15380,"1/100,000",9,3,2,2,10,25,15,5,20,9,14,8,14,12,14,20,5,3,2,17,55,55,55
1549025,"1/1,000",3,1,3,0,0,1,2,3,7,1,1,2,6,3,0,2,1,2,1,3,21,21,21
1549025,1/10,13,3,25,16,1,3,7,12,16,6,14,7,9,3,6,7,5,4,14,27,53,53,53
1549026,"1/10,000,000",3,3,11,5,2,2,3,6,10,5,7,7,8,5,4,2,2,7,3,7,30,30,30
1549026,"1/100,000",5,5,11,3,1,1,3,4,8,3,1,5,8,3,3,4,4,0,4,8,29,29,29
1550470,"1/1,000",7,2,10,6,2,7,9,6,18,8,22,6,15,13,12,8,4,3,4,30,54,54,54
1550470,"1/100,000",7,3,10,2,1,2,5,4,2,0,4,5,5,2,4,2,3,0,3,8,25,25,25
15510,"1/10,000,000",10,2,3,1,19,33,18,2,16,14,8,12,17,17,10,17,4,2,3,15,54,54,54
15510,"1/100,000",13,3,4,1,10,31,23,1,17,14,11,9,13,10,10,18,5,4,1,12,54,54,54
1551246,"1/1,000",7,3,26,19,2,2,7,14,18,5,16,8,5,2,14,4,4,8,13,35,55,55,55
1551246,"1/100,000",9,3,31,14,1,4,8,9,5,2,5,7,5,2,5,1,3,7,15,21,48,48,48
15606,"1/1,000",13,7,32,18,3,2,8,8,10,6,2,5,10,4,3,3,3,4,14,11,48,48,48
15606,"1/100,000",4,2,18,7,0,1,6,2,2,3,2,7,4,5,0,3,4,3,9,7,32,32,32
15654,"1/1,000",3,2,4,1,4,3,6,9,18,16,20,7,13,8,17,16,3,5,2,35,55,55,55
15654,"1/100,000",3,3,9,3,0,2,8,8,9,6,9,5,6,5,10,6,5,3,7,17,41,41,41
15717,"1/10,000,000",1,0,5,1,0,1,1,0,4,3,2,1,3,2,0,0,1,1,2,1,11,11,11
15717,"1/100,000",4,3,5,2,1,3,3,0,9,3,3,6,12,8,10,4,2,3,3,8,28,28,28
159055,"1/1,000",4,1,8,2,1,1,7,12,8,6,17,10,6,3,9,6,4,9,8,31,51,51,51
159055,1/10,6,2,9,3,2,3,11,18,6,4,16,11,6,1,12,3,3,7,6,39,55,55,55
16220109,"1/1,000",6,2,7,5,3,2,10,9,12,8,16,8,11,8,7,8,9,9,9,15,46,46,46
16220109,1/10,6,2,18,16,2,4,12,10,16,6,11,10,12,3,8,8,10,20,17,15,55,55,55
16255,"1/1,000",5,4,17,5,1,2,2,2,7,3,4,5,6,2,2,2,3,4,4,9,33,33,33
16255,1/10,10,2,26,10,4,8,8,9,12,5,6,12,10,3,8,8,5,3,19,21,52,52,52
16324,"1/1,000",11,2,16,11,4,6,4,10,25,6,14,8,19,20,12,17,3,4,6,13,55,55,55
16324,"1/100,000",6,5,8,3,7,9,13,4,16,7,10,9,15,12,8,17,4,5,6,11,41,41,41
16537,"1/1,000",3,1,6,3,1,1,4,3,8,4,6,6,17,10,17,10,2,7,5,16,44,44,44
16537,"1/100,000",1,1,6,0,1,1,2,1,3,1,0,1,7,2,1,2,2,1,2,6,16,16,16
165675,"1/1,000",8,2,11,2,1,5,12,9,7,7,11,10,7,4,11,5,6,6,6,27,46,46,46
165675,1/10,10,4,20,5,3,3,12,17,7,6,11,11,6,2,8,3,3,7,9,35,55,55,55
16741,"1/1,000",7,5,4,1,10,10,14,4,14,27,13,9,15,13,14,17,9,6,3,16,55,55,55
16741,"1/100,000",10,4,10,2,5,6,11,3,12,12,9,9,11,6,7,7,8,5,4,14,43,43,43
170833,"1/1,000",1,0,9,1,0,2,8,2,8,8,7,8,10,4,2,2,4,3,1,11,27,27,27
170833,1/10,16,5,19,5,1,1,14,21,8,6,13,7,6,2,9,3,5,7,10,34,55,55,55
17121,"1/1,000",10,2,11,9,2,5,8,6,8,5,11,7,12,3,9,8,6,8,5,17,50,50,50
17121,"1/100,000",3,1,7,1,2,4,5,5,6,4,1,6,12,4,2,4,4,4,4,7,33,33,33
17525,"1/1,000",8,4,12,5,4,3,9,4,20,7,5,7,13,11,7,16,3,1,3,15,48,48,48
17525,"1/100,000",2,0,10,3,3,5,3,4,8,5,6,3,9,5,3,3,5,5,6,9,28,28,28
176,"1/10,000,000",4,2,3,2,1,1,2,1,4,2,3,4,5,4,2,4,3,3,4,6,19,19,19
176,"1/100,000",3,2,5,1,0,3,6,5,10,4,3,4,7,4,2,1,3,4,3,3,29,29,29
17617,"1/1,000",24,8,29,15,1,1,14,2,5,4,5,14,9,2,2,2,5,4,13,8,53,53,53
17617,"1/100,000",3,2,13,3,0,1,1,2,3,3,2,4,7,3,2,0,4,5,3,4,26,26,26
177,"1/1,000",9,7,17,4,0,1,5,6,10,5,8,7,7,4,5,4,2,4,2,16,42,42,42
177,"1/100,000",4,5,11,5,4,3,4,7,6,3,4,6,8,4,2,4,3,2,5,6,32,32,32
17898,"1/1,000",17,16,14,2,1,4,14,5,10,21,9,10,14,6,9,12,11,7,1,22,55,55,55
17898,"1/100,000",34,25,21,3,2,4,16,4,6,17,4,15,9,5,6,10,7,4,1,11,54,54,54
180,"1/1,000",4,3,4,2,1,1,2,6,2,3,2,7,8,3,1,3,8,6,1,7,31,31,31
180,1/10,8,3,16,7,4,2,4,6,9,4,3,8,5,1,4,6,6,4,9,11,37,37,37
18467,"1/1,000",18,11,13,4,4,6,8,5,11,13,8,15,13,7,8,8,6,1,3,20,52,52,52
18467,"1/100,000",13,13,18,3,2,4,12,2,7,11,5,13,12,6,3,3,9,7,8,7,43,43,43
18554,"1/1,000",1,1,7,0,0,3,7,5,9,9,10,7,6,5,7,5,4,1,3,28,44,44,44
18554,"1/100,000",2,2,2,2,2,2,2,5,7,6,2,3,15,5,4,7,8,4,3,10,30,30,30
18635,"1/10,000,000",17,4,5,3,6,12,19,4,13,9,6,16,16,14,8,13,6,4,3,10,49,49,49
18635,"1/100,000",18,7,4,3,14,12,11,3,18,6,8,15,14,12,11,22,2,3,4,11,53,53,53
18827,"1/1,000",12,4,11,6,2,3,13,16,17,13,12,7,19,6,11,10,12,13,8,24,55,55,55
18827,"1/100,000",2,2,9,3,4,2,4,7,9,6,10,7,17,10,3,4,8,5,6,12,40,40,40
19310,"1/10,000,000",22,11,9,3,22,46,37,8,32,13,14,12,26,14,16,27,4,5,3,16,101,101,101
19310,"1/100,000",18,3,3,0,22,56,29,9,35,26,21,18,29,20,22,43,4,5,4,29,108,108,108
196,"1/1,000",3,4,5,0,1,3,3,2,11,3,7,3,7,4,2,3,3,2,1,9,27,27,27
196,1/10,8,3,14,4,0,2,8,5,4,5,2,9,7,3,4,4,3,2,6,7,36,36,36
21057,"1/1,000",5,1,8,7,5,9,9,7,19,17,17,10,13,11,13,10,5,5,4,31,54,54,54
21057,"1/100,000",7,2,11,6,7,7,10,8,14,8,11,9,10,7,8,7,8,12,6,24,48,48,48
21363,"1/1,000",6,5,8,2,6,3,5,6,18,10,12,11,20,22,17,9,6,3,4,14,52,52,52
21363,"1/100,000",2,2,5,2,2,4,3,6,5,5,6,4,10,5,7,5,6,2,3,10,30,30,30
21648,"1/1,000",11,3,27,11,3,4,7,7,4,6,8,10,7,5,7,4,4,5,12,18,49,49,49
21648,1/10,6,5,16,7,3,4,16,6,12,11,5,8,11,9,6,8,4,3,10,16,48,48,48
220674,"1/1,000",11,5,26,9,2,8,6,8,15,8,10,11,15,7,4,5,5,9,8,15,62,62,62
220674,1/10,22,6,42,12,4,5,39,19,17,15,25,26,13,4,14,8,25,21,23,36,104,104,104
2214,"1/1,000",8,3,12,2,1,2,10,1,7,2,2,7,7,5,4,5,2,1,5,8,29,29,29
2214,1/10,11,6,15,6,1,6,17,5,13,15,9,13,12,4,5,8,10,5,4,19,53,53,53
22310,"1/1,000",2,0,11,4,1,3,3,9,9,8,9,5,9,8,7,5,9,6,9,19,45,45,45
22310,"1/100,000",4,1,5,2,0,2,0,2,3,4,2,4,3,4,0,5,4,1,1,7,25,25,25
22386,"1/1,000",4,2,5,3,1,3,7,7,8,5,10,3,8,5,6,6,4,3,3,15,39,39,39
22386,"1/100,000",4,2,9,2,2,2,6,3,7,8,2,9,12,6,1,4,6,5,5,5,35,35,35
22873,"1/1,000",2,3,13,5,2,1,5,3,8,8,3,8,11,8,3,4,6,2,7,16,36,36,36
22873,1/10,10,3,23,13,2,2,12,10,15,9,8,8,15,9,9,6,7,10,11,20,53,53,53
228769,"1/1,000",2,1,5,3,5,7,7,6,8,6,4,5,9,5,6,3,5,3,4,9,31,31,31
228769,"1/100,000",6,4,6,3,2,3,5,4,6,3,4,5,8,3,4,3,5,10,3,11,28,28,28
23235,"1/1,000",4,1,21,8,3,4,8,12,12,16,16,11,20,10,11,8,18,7,7,26,82,82,82
23235,1/10,9,7,25,10,4,7,16,17,24,33,33,18,30,14,26,17,15,12,10,64,109,109,109
2345,"1/1,000",2,3,9,1,3,4,3,6,7,4,6,6,7,4,6,3,3,2,3,10,25,25,25
2345,1/10,4,1,15,7,4,3,5,10,8,7,4,10,14,7,8,2,7,3,15,22,49,49,49
2346,"1/1,000",4,3,5,2,9,8,14,4,21,16,18,7,21,19,16,17,7,6,7,22,55,55,55
2346,"1/100,000",4,4,4,3,8,11,10,2,11,19,11,8,18,12,12,13,7,6,2,18,52,52,52
235414,"1/1,000",3,1,11,4,0,0,3,7,3,1,4,3,5,1,5,3,2,0,6,9,27,27,27
235414,1/10,3,5,33,8,1,1,7,6,1,1,5,11,8,3,3,3,7,5,32,15,52,52,52
23642,"1/10,000,000",2,3,6,4,2,3,5,8,7,6,5,3,9,4,3,4,5,5,5,6,25,25,25
23642,"1/100,000",10,7,3,1,14,12,15,3,14,24,14,10,26,10,17,20,5,5,2,21,55,55,55
239,"1/1,000",8,2,16,6,1,5,10,2,7,4,3,10,8,4,2,5,2,4,10,6,33,33,33
239,1/10,7,2,12,5,2,4,9,7,8,7,6,6,9,3,2,4,8,7,8,11,41,41,41
240,"1/1,000",26,15,38,27,2,1,8,5,8,4,6,10,9,3,7,2,3,4,18,23,55,55,55
240,"1/100,000",12,6,21,14,2,2,2,3,4,2,2,8,5,3,3,3,2,2,6,6,31,31,31
24020,"1/1,000",31,10,47,37,2,2,7,8,10,3,7,11,5,2,3,3,3,5,17,15,55,55,55
24020,"1/100,000",30,9,47,41,1,2,6,6,8,2,2,7,2,1,1,1,2,3,19,10,55,55,55
241,"1/1,000",2,2,8,1,0,1,4,3,5,5,2,4,5,8,2,1,1,1,4,9,26,26,26
241,"1/100,000",1,2,5,0,2,3,6,4,7,7,6,9,5,6,5,3,2,2,0,4,22,22,22
24116,"1/1,000",6,3,22,14,5,3,9,11,11,5,11,14,11,6,6,8,4,6,20,22,52,52,52
24116,"1/100,000",5,2,8,2,0,0,2,7,6,0,1,6,9,4,2,3,5,2,6,7,29,29,29
24197,"1/1,000",5,3,5,4,4,5,5,5,12,4,9,6,11,7,7,4,4,4,1,15,32,32,32
24197,"1/100,000",1,2,2,2,2,1,2,6,6,3,4,3,5,2,3,3,2,2,1,4,20,20,20
24203,"1/1,000",3,2,13,1,0,2,2,5,5,5,1,5,7,5,2,4,3,2,7,6,24,24,24
24203,1/10,9,8,22,10,1,3,4,2,6,3,1,7,5,2,1,2,2,3,9,5,28,28,28
243,"1/1,000",4,2,7,2,2,3,3,7,13,7,5,5,8,7,6,6,2,3,2,8,29,29,29
243,"1/100,000",5,3,15,5,2,3,8,3,6,4,5,7,11,4,6,2,3,3,7,12,34,34,34
244,"1/1,000",7,3,24,8,0,1,8,8,7,8,3,10,5,3,3,2,3,2,10,21,48,48,48
244,1/10,8,5,24,15,3,2,8,11,7,11,15,9,11,5,13,6,5,1,9,31,53,53,53
24473,"1/1,000",9,4,18,8,2,4,12,4,13,6,10,12,13,6,8,4,8,7,9,19,48,48,48
24473,1/10,8,4,17,10,1,3,14,13,12,5,14,9,6,3,15,7,8,7,8,32,55,55,55
24513,"1/1,000",6,1,11,4,0,3,5,4,5,5,4,5,7,4,0,3,5,10,4,5,35,35,35
24513,1/10,11,3,26,20,1,3,9,12,10,9,15,6,7,1,8,5,8,8,14,26,52,52,52
246728,"1/1,000",17,6,25,16,1,4,5,5,15,4,14,6,12,9,9,8,7,7,8,21,53,53,53
246728,"1/100,000",7,1,19,6,1,1,10,7,7,2,4,5,6,6,3,3,1,1,7,10,38,38,38
24834,"1/1,000",20,11,38,23,1,3,6,8,7,3,4,18,6,2,6,2,3,4,25,12,53,53,53
24834,"1/100,000",8,8,27,5,0,1,11,6,4,4,5,10,11,3,1,1,2,5,14,9,41,41,41
251531,"1/1,000",9,5,20,7,2,4,9,6,9,8,9,9,10,3,8,5,5,5,20,16,47,47,47
251531,"1/100,000",2,3,11,5,3,2,3,3,5,3,3,3,6,2,2,5,3,2,5,10,23,23,23
2537,"1/1,000",6,3,14,6,3,3,11,13,5,7,17,5,7,6,13,3,8,9,7,27,48,48,48
2537,"1/100,000",2,1,4,2,1,2,3,2,3,2,4,5,4,3,2,2,3,6,1,8,23,23,23
261,"1/1,000",6,2,2,1,7,9,13,4,30,13,17,9,24,15,20,22,5,5,2,24,54,54,54
261,"1/100,000",4,3,6,2,2,5,5,2,13,10,9,12,22,13,11,8,6,1,4,17,45,45,45
262,"1/1,000",16,12,19,5,3,4,3,4,12,2,4,10,9,6,3,6,1,1,3,6,39,39,39
262,"1/100,000",4,3,11,1,1,2,4,4,6,1,3,4,8,4,4,2,3,5,6,10,30,30,30
263,"1/10,000,000",4,4,6,2,1,1,7,1,5,4,7,6,7,3,2,3,3,5,3,8,27,27,27
263,"1/100,000",3,3,7,2,1,2,5,2,7,2,3,3,9,4,1,2,1,2,2,4,27,27,27
26331,"1/1,000",19,12,12,4,3,5,13,6,13,20,6,15,17,10,3,11,10,2,2,13,55,55,55
26331,"1/100,000",7,7,13,4,3,2,6,7,9,8,7,4,8,3,6,5,5,5,4,11,36,36,36
264,"1/1,000",8,2,3,1,7,9,8,4,27,14,14,11,23,20,14,23,6,1,2,18,55,55,55
264,"1/100,000",6,4,5,1,4,5,9,3,24,8,11,11,22,16,11,24,4,3,3,14,52,52,52
2682,"1/1,000",2,1,5,1,3,2,4,6,7,4,2,4,13,6,6,8,8,10,2,13,34,34,34
2682,1/10,15,12,13,2,4,5,8,6,10,13,5,14,12,5,3,6,9,5,4,9,49,49,49
2733294,"1/1,000",9,1,22,13,2,5,6,8,15,8,16,7,14,11,7,10,10,7,10,22,53,53,53
2733294,"1/100,000",5,4,12,5,0,4,8,3,6,5,10,7,10,2,3,4,5,5,5,15,42,42,42
27440,"1/1,000",4,2,3,3,7,11,9,9,17,13,22,9,14,13,20,13,2,2,1,36,53,53,53
27440,"1/100,000",7,2,12,4,4,3,11,8,12,9,19,8,10,5,11,10,3,4,6,33,52,52,52
27457,"1/1,000",19,16,12,1,7,8,12,6,12,20,9,10,16,8,10,15,11,4,1,17,54,54,54
27457,"1/100,000",24,16,17,3,5,8,12,5,9,20,3,15,12,7,4,10,10,7,5,6,54,54,54
27458,"1/10,000,000",2,2,3,0,0,1,3,4,4,2,3,1,11,3,2,7,4,3,3,10,29,29,29
27458,"1/100,000",7,3,6,2,1,4,9,9,11,11,12,7,18,7,9,16,20,17,7,15,53,53,53
2758,"1/1,000",13,4,16,8,1,2,8,20,6,4,10,10,9,3,7,3,1,7,13,31,53,53,53
2758,"1/100,000",15,5,21,6,0,3,13,6,2,2,6,10,4,0,2,1,4,6,9,14,41,41,41
2879,"1/1,000",4,2,7,3,2,2,8,10,12,11,14,10,18,10,17,12,6,3,5,31,54,54,54
2879,"1/100,000",2,0,4,3,2,2,4,8,8,11,15,8,16,12,19,16,6,6,4,27,50,50,50
2969,"1/1,000",0,2,3,2,1,3,6,6,18,14,14,8,17,13,8,7,6,5,3,19,50,50,50
2969,1/10,1,1,7,1,3,5,7,9,15,11,18,11,16,10,14,8,10,3,5,28,54,54,54
3102,"1/1,000",4,1,15,7,2,2,9,7,6,7,9,8,5,5,5,3,4,2,8,19,36,36,36
3102,1/10,5,4,10,6,3,3,6,11,12,18,21,8,11,5,11,8,11,4,6,37,53,53,53
311,"1/1,000",2,2,5,1,1,1,1,2,4,2,2,3,4,1,1,2,1,0,3,3,15,15,15
311,1/10,7,4,15,2,2,4,3,7,8,3,5,7,6,3,3,2,7,4,6,9,30,30,30
31209,"1/1,000",4,3,10,6,2,4,4,8,17,10,7,9,18,13,8,8,8,8,4,20,49,49,49
31209,1/10,4,1,18,9,3,3,9,11,11,9,12,8,16,10,9,7,6,7,11,21,52,52,52
31210,"1/1,000",7,3,21,9,1,4,14,6,10,7,7,9,13,5,12,5,3,5,15,15,54,54,54
31210,"1/100,000",4,4,6,0,1,2,2,3,3,4,3,4,10,3,4,2,3,2,3,6,26,26,26
31219,"1/1,000",13,4,36,23,0,0,5,9,5,1,6,7,4,0,2,4,2,1,15,13,48,48,48
31219,"1/100,000",5,3,6,3,0,1,7,1,6,2,3,6,7,8,3,3,2,3,3,5,23,23,23
31225,"1/1,000",6,1,19,5,0,2,6,2,6,3,5,6,7,4,2,1,4,3,14,13,45,45,45
31225,"1/100,000",3,2,12,3,4,3,8,2,8,9,3,9,17,9,3,6,7,7,11,6,41,41,41
31234,"1/1,000",15,5,25,6,0,1,11,3,11,3,5,7,9,4,5,3,2,1,13,6,46,46,46
31234,"1/100,000",5,3,15,3,0,2,9,3,9,6,10,6,10,7,8,10,5,7,10,9,44,44,44
31244,"1/1,000",10,6,36,15,0,0,7,8,10,5,8,9,9,7,7,1,3,8,15,16,53,53,53
31244,"1/100,000",9,6,33,12,0,2,8,5,7,3,7,14,3,2,3,3,3,5,19,12,47,47,47
31246,"1/1,000",12,3,24,14,2,3,7,8,11,4,18,7,8,3,8,5,3,7,8,35,55,55,55
31246,"1/100,000",5,3,14,5,1,3,7,10,4,4,10,5,6,5,9,4,6,4,6,25,42,42,42
31249,"1/1,000",7,4,25,11,2,2,12,12,9,5,13,6,7,5,4,4,7,8,16,18,43,43,43
31249,1/10,12,3,35,21,1,2,16,13,10,6,10,6,8,3,8,4,6,5,15,23,53,53,53
31252,"1/10,000,000",2,2,7,1,0,1,1,4,7,4,3,4,8,2,3,1,4,4,2,6,23,23,23
31252,"1/100,000",3,3,10,4,2,4,4,4,9,3,12,7,13,6,6,5,5,3,3,19,43,43,43
31260,"1/1,000",22,12,29,17,3,1,10,5,12,3,5,9,8,7,3,5,5,3,7,14,50,50,50
31260,"1/100,000",3,1,7,1,0,1,3,1,6,1,3,2,6,5,2,1,2,2,3,2,22,22,22
31265,"1/1,000",34,16,48,38,1,1,9,9,8,2,5,10,3,2,1,1,1,4,13,15,54,54,54
31265,"1/100,000",19,9,41,30,1,1,4,6,8,3,6,7,2,1,2,4,1,1,15,9,50,50,50
31266,"1/1,000",25,7,39,36,1,1,5,9,12,3,7,6,4,3,1,2,1,7,18,14,54,54,54
31266,"1/100,000",3,2,5,3,3,3,1,6,4,2,5,3,8,5,2,4,4,3,4,7,26,26,26
31268,"1/10,000,000",4,4,5,6,2,2,6,4,10,3,4,6,8,10,8,5,2,2,5,7,33,33,33
31268,"1/100,000",3,0,3,2,2,3,4,5,7,6,8,5,8,7,5,4,4,3,2,9,27,27,27
31272,"1/1,000",11,2,26,14,1,2,2,11,5,4,15,7,5,3,11,4,3,4,12,36,54,54,54
31272,"1/100,000",11,5,23,11,2,2,6,7,5,2,9,7,2,4,5,2,2,4,14,14,41,41,41
31276,"1/1,000",18,10,33,24,2,1,6,7,7,5,4,6,9,2,2,3,2,5,12,15,47,47,47
31276,"1/100,000",16,8,29,18,0,1,4,6,2,1,4,6,2,0,1,3,1,2,11,11,40,40,40
31283,"1/1,000",3,1,7,1,0,1,3,5,5,2,5,2,2,1,2,2,1,0,1,4,16,16,16
31283,1/10,4,2,18,8,3,4,11,5,13,9,11,14,10,9,7,4,5,2,10,20,45,45,45
31404,"1/1,000",1,2,4,1,1,1,3,4,4,5,3,4,5,0,1,2,5,2,2,3,19,19,19
31404,1/10,4,3,12,4,3,4,11,5,8,6,6,11,12,6,7,3,9,6,7,20,42,42,42
323,"1/1,000",16,12,34,11,1,3,12,5,5,3,5,13,6,4,7,2,6,5,19,18,52,52,52
323,1/10,21,18,37,15,1,1,12,9,11,9,9,14,6,4,6,2,4,2,12,18,55,55,55
325,"1/1,000",4,0,8,1,2,4,8,4,6,4,9,5,10,8,5,8,3,3,3,11,31,31,31
325,1/10,8,4,5,1,9,6,21,7,10,13,20,9,15,12,16,11,6,7,5,18,49,49,49
32594,"1/1,000",10,4,11,4,3,7,18,5,6,17,14,12,10,5,6,8,13,14,7,14,55,55,55
32594,"1/100,000",15,5,11,5,1,10,17,5,9,10,14,11,13,3,3,8,9,17,8,11,53,53,53
326,"1/1,000",21,6,9,4,4,13,22,3,9,10,8,15,9,4,4,6,4,3,5,10,49,49,49
326,"1/100,000",3,3,16,5,1,2,3,2,4,2,2,4,6,2,1,2,2,3,5,5,27,27,27
33032,"1/1,000",3,3,5,0,1,1,1,1,5,4,1,5,5,2,1,1,1,1,1,4,19,19,19
33032,1/10,2,2,4,1,1,2,5,5,9,8,12,5,12,5,9,6,6,4,3,23,44,44,44
3314,"1/1,000",19,15,27,11,1,2,38,7,6,7,5,16,3,2,3,3,5,3,12,13,54,54,54
3314,"1/100,000",20,10,29,9,3,6,28,7,7,6,5,12,6,4,3,2,6,3,9,10,51,51,51
356,"1/1,000",0,0,3,0,0,1,3,3,3,3,3,2,4,3,1,0,2,0,1,4,16,16,16
356,1/10,8,3,25,14,1,3,6,10,11,5,15,8,6,4,11,5,2,3,6,23,52,52,52
3578033,"1/1,000",4,3,12,6,4,3,10,11,19,13,16,10,19,13,14,12,8,6,4,24,55,55,55
3578033,"1/100,000",3,3,9,4,4,3,6,6,13,3,8,7,12,11,5,5,3,3,3,9,42,42,42
36822,"1/10,000,000",10,6,6,2,1,6,9,2,8,8,4,6,12,6,5,6,5,5,3,7,35,35,35
36822,"1/100,000",30,17,16,2,5,10,15,5,7,16,6,14,10,6,4,8,9,4,3,9,54,54,54
3776,"1/1,000",4,2,3,0,1,2,5,2,4,4,3,4,6,1,2,5,3,1,0,6,20,20,20
3776,"1/100,000",3,1,5,1,1,2,3,1,3,5,3,4,5,3,4,1,4,2,1,5,15,15,15
379,"1/1,000",2,2,2,4,3,6,6,5,15,14,15,10,18,9,11,11,6,4,2,26,49,49,49
379,"1/100,000",1,1,5,3,2,3,7,3,16,6,9,9,14,12,5,6,4,2,5,14,42,42,42
3796-70-1,"1/1,000",7,4,10,6,4,6,7,5,18,8,8,8,13,8,6,5,9,7,5,15,43,43,43
3796-70-1,"1/100,000",2,2,4,2,2,2,4,4,7,1,3,4,6,3,2,3,2,1,5,5,23,23,23
3893,"1/1,000",2,1,14,3,2,6,12,5,18,11,12,11,22,14,13,7,11,4,10,20,62,62,62
3893,1/10,3,1,7,3,3,9,9,16,34,26,27,19,36,19,24,14,19,5,5,52,103,103,103
4133,"1/1,000",18,5,27,10,1,1,14,14,5,3,8,11,2,3,7,3,3,4,9,27,55,55,55
4133,"1/100,000",2,2,11,3,0,1,5,5,6,1,1,2,3,0,2,2,0,1,4,5,22,22,22
439570,"1/1,000",28,6,33,11,1,3,17,14,4,2,6,7,5,2,3,2,4,5,11,15,55,55,55
439570,1/10,33,4,41,10,1,1,18,16,3,2,4,7,3,3,1,3,4,7,11,15,55,55,55
440917,"1/1,000",6,4,22,9,1,1,11,6,5,4,4,3,6,3,3,3,3,1,9,8,41,41,41
440917,"1/100,000",2,1,4,0,1,1,4,6,7,8,7,4,13,11,11,8,4,2,1,13,38,38,38
440967,"1/1,000",8,5,10,7,2,4,8,7,12,4,6,6,9,3,1,1,4,7,8,12,33,33,33
440967,1/10,7,1,17,5,1,4,18,18,9,9,18,12,4,3,12,7,11,9,7,32,55,55,55
444539,"1/1,000",8,4,9,1,6,5,6,6,16,6,7,8,12,14,13,11,5,1,3,11,48,48,48
444539,1/10,20,22,32,6,3,3,20,3,13,11,10,15,12,9,10,7,4,5,11,14,55,55,55
444683,"1/1,000",3,3,10,2,0,1,5,5,7,3,3,7,9,3,2,4,5,2,3,9,30,30,30
444683,"1/100,000",6,3,13,2,3,4,12,9,6,9,6,8,8,3,6,6,3,4,4,15,32,32,32
444972,"1/1,000",2,2,7,0,3,1,4,3,6,1,1,0,8,3,1,0,1,3,2,5,20,20,20
444972,1/10,7,2,10,4,2,4,10,6,19,9,11,8,15,12,8,10,6,4,7,19,47,47,47
454,"1/1,000",2,1,8,6,1,6,5,8,14,8,13,7,18,12,8,7,10,7,3,27,54,54,54
454,"1/100,000",9,1,25,19,0,2,8,15,6,4,10,5,4,5,7,5,5,5,16,16,43,43,43
460,"1/10,000,000",12,7,23,8,8,9,23,10,16,24,20,17,23,10,15,16,11,8,12,33,89,89,89
460,"1/100,000",23,14,29,8,10,10,24,16,22,29,22,19,23,13,15,13,14,14,16,40,104,104,104
519539,"1/1,000",8,2,6,6,4,10,13,3,19,17,20,11,18,13,14,12,8,18,10,23,55,55,55
519539,"1/100,000",8,3,10,6,4,10,6,6,20,8,13,7,17,9,6,6,3,7,5,14,50,50,50
520108,"1/1,000",26,14,10,2,3,9,17,4,7,18,4,13,12,6,6,5,8,3,2,8,52,52,52
520108,"1/100,000",28,19,11,1,2,10,17,3,10,14,4,17,13,9,5,7,9,3,2,7,55,55,55
520191,"1/1,000",6,3,11,3,7,5,8,6,17,12,20,9,23,13,18,21,5,6,9,27,55,55,55
520191,"1/100,000",3,0,13,5,3,2,1,3,6,2,4,4,9,6,4,3,4,5,9,7,34,34,34
520296,"1/1,000",10,5,22,8,5,8,12,8,18,16,17,16,25,16,15,7,11,5,13,21,75,75,75
520296,"1/100,000",5,4,10,1,1,1,4,4,11,9,7,9,17,11,9,9,10,1,4,20,51,51,51
521238,"1/1,000",5,3,21,11,1,3,9,9,7,3,9,7,8,2,5,3,6,5,13,18,41,41,41
521238,1/10,12,3,27,17,1,2,15,8,14,8,20,11,11,6,12,6,7,9,14,27,55,55,55
526618,"1/10,000,000",5,4,3,1,1,4,8,1,8,8,4,9,13,7,6,4,3,2,0,8,34,34,34
526618,"1/100,000",12,7,7,4,11,12,13,6,16,12,8,11,16,13,9,12,5,2,3,21,52,52,52
5273467,"1/1,000",0,1,8,4,1,2,1,8,7,4,2,3,12,8,4,6,3,1,4,8,28,28,28
5273467,"1/100,000",5,5,12,4,1,1,2,3,8,3,2,5,3,3,1,1,2,1,3,4,26,26,26
5280450,"1/1,000",10,4,8,6,3,7,11,16,26,26,26,22,28,16,17,25,25,8,5,47,106,106,106
5280450,1/10,7,5,4,4,6,10,15,6,44,36,39,20,34,24,41,32,24,7,5,61,110,110,110
5281167,"1/1,000",16,3,9,10,3,4,14,5,10,8,4,4,10,6,7,4,5,31,16,7,55,55,55
5281167,"1/100,000",6,2,15,9,1,3,4,8,7,5,3,11,7,5,1,3,7,28,14,6,49,49,49
5281168,"1/1,000",8,6,12,9,4,7,11,9,25,8,13,7,19,14,13,9,5,7,7,24,53,53,53
5281168,"1/100,000",10,6,23,9,2,3,6,8,10,9,6,5,11,5,3,2,4,7,9,11,39,39,39
5315892,"1/1,000",14,14,26,11,0,2,19,3,14,9,7,12,14,10,6,9,4,6,11,16,53,53,53
5315892,"1/100,000",5,3,13,2,6,7,9,4,18,10,12,7,15,12,10,10,6,4,16,12,44,44,44
5318599,"1/1,000",6,5,21,11,3,3,10,10,11,11,14,5,11,7,11,9,9,8,12,27,54,54,54
5318599,"1/100,000",5,4,9,3,1,0,3,1,5,7,9,8,8,2,0,0,5,2,4,7,27,27,27
5352539,"1/1,000",7,5,17,11,4,3,11,6,9,7,8,8,10,6,3,8,6,17,13,15,54,54,54
5352539,"1/100,000",1,0,3,1,2,3,7,6,8,8,4,4,8,10,6,2,5,5,1,15,30,30,30
5352837,"1/1,000",21,2,26,25,2,3,12,10,10,4,8,8,4,3,4,3,6,10,13,16,54,54,54
5352837,"1/100,000",16,2,19,20,1,1,3,12,5,1,2,4,2,1,3,4,2,7,10,7,48,48,48
5355850,"1/1,000",6,3,21,10,2,4,6,7,12,3,6,6,7,7,8,9,2,5,12,13,43,43,43
5355850,"1/100,000",3,1,5,1,1,3,2,2,5,3,6,4,6,4,4,3,4,2,3,5,18,18,18
5362588,"1/10,000,000",11,4,25,13,1,2,7,3,4,6,3,8,8,6,3,1,3,3,11,8,36,36,36
5362588,"1/100,000",19,9,27,14,2,5,11,6,12,6,8,13,10,2,6,5,6,8,10,18,55,55,55
5362798,"1/1,000",5,2,22,15,1,4,12,6,12,8,9,11,13,8,8,8,5,8,14,26,53,53,53
5362798,"1/100,000",3,2,11,2,0,1,8,7,7,3,3,5,5,5,3,3,5,5,10,7,33,33,33
5362814,"1/10,000,000",9,7,6,4,7,5,14,8,11,5,7,9,14,8,7,10,6,6,8,8,46,46,46
5362814,"1/100,000",13,2,7,7,9,10,10,6,19,9,7,11,15,8,6,15,5,8,6,11,52,52,52
5363233,"1/1,000",3,0,6,3,4,4,8,11,10,15,16,7,16,5,9,4,10,8,3,25,50,50,50
5363233,"1/100,000",1,0,4,1,0,1,3,6,5,3,4,3,8,4,3,3,5,5,3,3,21,21,21
5363388,"1/1,000",25,6,32,31,2,3,8,7,7,7,4,9,5,5,5,7,6,17,16,9,53,53,53
5363388,"1/100,000",17,8,25,19,1,1,8,9,6,2,1,6,1,0,1,2,2,6,12,6,41,41,41
5363491,"1/1,000",9,3,15,2,1,4,4,5,5,9,4,10,16,9,6,3,8,5,9,12,55,55,55
5363491,1/10,3,3,6,1,2,1,5,3,7,5,5,4,6,4,3,2,3,4,3,8,32,32,32
5364231,"1/1,000",12,5,15,13,4,6,10,9,10,6,7,9,8,6,3,4,11,28,16,13,55,55,55
5364231,"1/100,000",4,1,11,8,1,0,7,6,9,5,3,5,11,5,4,4,11,10,9,6,40,40,40
5364729,"1/1,000",17,5,22,18,4,4,11,11,17,8,10,4,10,7,6,8,3,7,8,15,55,55,55
5364729,"1/100,000",10,5,12,12,4,4,13,10,18,9,10,10,13,6,6,7,6,12,5,17,51,51,51
5365027,"1/1,000",8,3,11,8,6,2,10,7,13,11,13,10,17,12,9,12,9,7,6,26,54,54,54
5365027,"1/100,000",1,2,6,3,2,3,7,8,9,10,10,8,15,9,4,7,15,8,6,16,47,47,47
5365049,"1/1,000",11,2,29,23,0,1,6,10,11,3,3,8,7,5,1,7,6,24,16,10,52,52,52
5365049,"1/100,000",1,1,10,4,2,2,2,4,5,2,5,3,9,6,3,2,3,5,9,9,26,26,26
5366244,"1/1,000",2,1,3,0,0,1,2,2,5,2,1,4,4,0,3,3,2,2,2,5,16,16,16
5366244,1/10,3,2,3,3,1,7,10,4,19,14,23,12,13,11,12,7,7,4,3,33,54,54,54
5367698,"1/1,000",5,2,6,2,3,4,7,7,14,12,11,10,17,11,11,7,6,11,8,17,47,47,47
5367698,"1/100,000",3,2,3,0,1,2,2,3,7,2,2,4,7,4,3,1,3,4,2,5,20,20,20
5367706,"1/1,000",4,3,11,3,4,3,7,4,7,4,7,6,11,8,7,5,8,9,5,15,41,41,41
5367706,"1/100,000",2,2,4,0,0,2,2,1,1,2,1,3,6,1,0,0,5,4,1,3,20,20,20
5368076,"1/1,000",13,5,22,13,2,4,6,6,14,6,11,7,11,5,5,9,6,7,9,15,45,45,45
5368076,"1/100,000",1,1,8,7,1,1,4,5,4,2,3,4,6,2,1,3,1,3,6,9,27,27,27
5371102,"1/1,000",3,1,11,3,1,3,5,7,9,8,11,7,8,3,6,4,5,8,15,21,48,48,48
5371102,"1/100,000",2,1,6,4,3,3,3,4,7,5,3,3,9,4,3,2,7,8,7,6,24,24,24
5541,"1/1,000",7,2,8,5,4,7,6,9,26,11,22,8,8,9,8,7,4,3,5,18,46,46,46
5541,1/10,14,6,6,5,4,7,11,4,23,5,16,8,8,5,6,2,3,2,2,11,45,45,45
556940,"1/10,000,000",5,3,4,1,5,11,8,4,12,21,9,8,9,4,3,7,6,2,3,19,48,48,48
556940,"1/100,000",7,3,1,1,6,14,10,4,10,30,10,9,18,15,10,15,6,5,2,19,54,54,54
5610,"1/1,000",1,2,5,0,0,1,2,2,3,4,1,2,3,1,0,0,2,3,3,2,14,14,14
5610,1/10,2,1,8,2,0,0,4,4,7,11,17,7,7,4,10,6,1,0,4,17,46,46,46
565690,"1/1,000",8,5,19,13,2,4,10,5,11,6,5,8,11,8,5,4,3,5,8,10,43,43,43
565690,"1/100,000",3,1,7,2,0,1,4,1,6,2,3,5,8,5,1,1,3,2,4,4,21,21,21
5779,"1/1,000",14,8,16,6,1,2,8,3,10,5,5,8,8,3,4,4,5,3,6,12,38,38,38
5779,1/10,32,21,41,11,2,6,10,7,10,15,8,18,6,2,3,3,5,6,9,11,54,54,54
5780,"1/1,000",6,5,2,0,3,2,3,6,6,7,5,5,5,4,3,4,4,3,2,5,31,31,31
5780,1/10,12,6,3,2,8,16,10,3,13,23,11,10,16,10,12,19,7,3,5,15,53,53,53
5862,"1/1,000",3,2,3,0,5,7,5,4,5,4,7,3,8,6,2,3,2,4,1,6,24,24,24
5862,1/10,3,2,2,0,10,7,5,0,16,13,11,4,15,9,13,26,1,1,1,11,50,50,50
5950,"1/1,000",1,2,8,1,1,2,3,4,8,1,4,3,4,4,3,1,2,3,0,6,28,28,28
5950,1/10,7,4,18,7,2,3,7,4,7,6,6,9,7,4,2,3,4,1,8,6,34,34,34
595928,"1/1,000",5,2,10,5,3,5,8,6,7,8,11,6,14,7,5,6,7,6,7,23,44,44,44
595928,"1/100,000",3,2,6,1,0,1,1,2,4,2,1,3,4,3,1,2,1,3,2,4,15,15,15
5960,"1/1,000",1,1,5,2,0,2,2,4,4,3,4,5,9,7,6,7,3,2,4,7,24,24,24
5960,1/10,4,7,6,2,3,5,12,9,13,11,13,8,15,11,14,15,9,3,2,22,53,53,53
5961,"1/1,000",4,3,5,1,1,1,7,2,5,3,5,3,7,5,0,3,6,5,2,4,24,24,24
5961,"1/100,000",3,4,5,3,1,1,7,4,1,6,1,4,4,4,2,4,3,4,6,3,24,24,24
5962,"1/1,000",6,5,7,2,2,5,8,8,14,12,14,6,20,15,14,18,4,2,3,22,51,51,51
5962,1/10,2,2,8,4,6,6,8,4,14,14,23,9,19,15,23,19,3,1,3,32,54,54,54
6050,"1/1,000",7,2,3,1,5,6,2,6,20,5,13,6,23,18,10,21,5,4,3,13,52,52,52
6050,"1/100,000",3,1,6,1,2,5,8,3,10,7,3,5,13,10,6,6,5,4,1,12,34,34,34
6054,"1/1,000",3,2,21,8,1,2,11,8,10,6,8,12,14,10,9,5,7,8,27,21,55,55,55
6054,"1/100,000",6,5,27,10,1,1,8,12,5,4,8,7,8,2,3,2,5,6,20,13,50,50,50
6057,"1/1,000",3,0,6,1,0,0,2,6,5,3,5,3,8,6,6,6,4,1,2,9,25,25,25
6057,"1/100,000",4,2,4,0,0,0,1,2,5,1,3,1,4,2,3,1,3,3,2,3,19,19,19
60998,"1/1,000",5,5,17,6,2,1,7,5,10,7,5,9,13,11,6,11,8,6,18,15,50,50,50
60998,"1/100,000",2,2,10,3,1,3,5,7,4,5,4,8,7,4,3,3,4,4,9,5,26,26,26
60999,"1/1,000",4,2,12,1,3,4,5,2,12,7,8,8,18,15,12,10,5,3,10,11,47,47,47
60999,"1/100,000",3,3,7,0,1,2,5,3,7,5,3,5,6,3,4,1,4,3,1,4,26,26,26
61005,"1/1,000",3,3,12,2,2,3,5,5,4,2,4,5,8,6,3,2,3,6,6,9,23,23,23
61005,1/10,4,0,20,4,0,1,9,8,6,4,16,9,15,3,7,3,8,5,14,29,49,49,49
61024,"1/1,000",6,6,14,6,1,2,5,3,5,4,5,5,11,5,5,1,6,6,8,10,34,34,34
61024,"1/100,000",3,2,5,2,2,3,4,4,7,3,5,3,5,3,1,1,2,1,2,5,21,21,21
61027,"1/1,000",0,0,6,0,2,1,4,5,7,7,8,4,5,3,1,3,1,4,5,7,26,26,26
61027,1/10,4,5,8,8,5,4,8,7,12,17,9,16,14,7,7,10,8,2,6,19,53,53,53
61048,"1/1,000",4,0,15,6,0,1,7,10,6,6,6,8,2,2,3,2,3,3,6,15,36,36,36
61048,1/10,12,4,26,14,2,2,14,8,14,9,13,7,5,4,9,7,5,6,10,29,54,54,54
61052,"1/1,000",6,6,11,6,2,2,9,4,16,9,11,11,17,14,15,15,6,4,6,17,47,47,47
61052,"1/100,000",5,4,9,2,0,2,3,0,4,2,2,4,10,8,2,3,2,3,4,6,27,27,27
6106,"1/1,000",14,11,16,3,0,2,4,4,9,9,6,9,7,6,5,4,4,3,3,10,39,39,39
6106,1/10,5,4,10,3,7,8,9,2,22,8,12,13,18,24,13,21,7,4,2,21,54,54,54
61130,"1/10,000,000",2,1,8,3,1,1,4,2,3,2,2,5,6,2,1,2,3,3,8,6,26,26,26
61130,"1/100,000",5,3,12,1,2,3,10,7,11,10,13,9,15,10,8,4,10,6,9,26,48,48,48
61138,"1/1,000",4,1,2,1,5,6,6,5,30,10,16,9,25,24,13,30,3,4,2,13,55,55,55
61138,"1/100,000",5,2,6,1,2,6,3,5,25,9,9,1,22,17,13,22,2,5,2,14,52,52,52
6114390,"1/1,000",11,13,32,13,1,4,17,5,6,9,7,16,11,3,8,3,8,5,23,15,55,55,55
6114390,"1/100,000",13,10,25,4,1,0,13,2,4,9,4,9,9,6,5,5,2,5,16,10,49,49,49
61151,"1/1,000",6,2,14,7,1,0,7,5,5,5,10,3,6,5,6,5,4,1,7,17,39,39,39
61151,"1/100,000",5,2,7,3,3,5,8,4,9,2,3,5,6,7,3,3,2,4,3,8,29,29,29
61155,"1/1,000",12,6,14,5,1,4,11,11,9,18,15,12,17,6,7,13,12,4,5,28,53,53,53
61155,"1/100,000",8,6,13,5,4,4,13,9,12,10,7,8,10,7,6,8,6,4,6,15,50,50,50
61177,"1/1,000",10,5,19,12,3,5,4,6,6,8,15,11,7,4,11,3,7,8,11,29,53,53,53
61177,"1/100,000",4,1,7,2,0,2,6,2,5,5,5,4,8,8,7,2,2,3,3,10,31,31,31
61185,"1/1,000",6,3,11,2,0,2,3,5,5,1,5,3,8,3,2,2,4,2,3,8,29,29,29
61185,"1/100,000",2,1,10,3,3,3,7,4,4,5,2,6,7,5,3,4,5,5,9,8,26,26,26
61192,"1/1,000",14,9,10,4,7,11,14,3,14,14,4,11,13,7,4,10,5,3,1,11,53,53,53
61192,"1/100,000",14,7,11,3,6,9,12,4,6,7,1,10,10,5,4,4,3,3,0,7,41,41,41
61199,"1/10,000,000",48,38,61,13,1,2,28,5,5,14,5,16,19,2,3,5,11,9,10,16,94,94,94
61199,"1/100,000",32,24,42,10,3,5,13,7,8,13,7,16,12,6,6,2,9,10,15,20,74,74,74
61204,"1/1,000",16,7,35,24,3,4,9,8,14,8,8,9,12,4,4,6,5,6,17,14,54,54,54
61204,"1/100,000",7,5,20,10,2,2,6,5,7,3,5,7,6,2,3,2,2,2,6,10,35,35,35
61209,"1/1,000",12,10,18,7,3,5,15,4,12,19,13,15,14,7,11,4,8,3,8,14,54,54,54
61209,1/10,21,11,20,4,2,4,10,6,9,37,6,17,4,5,4,5,6,1,3,18,55,55,55
61229,"1/1,000",31,30,39,10,1,2,9,4,3,7,1,18,7,1,1,2,4,2,6,7,51,51,51
61229,1/10,33,30,45,8,1,3,10,6,4,6,3,15,4,1,1,2,4,4,10,4,52,52,52
61252,"1/1,000",16,4,3,1,17,33,23,3,15,19,8,9,15,7,6,20,5,4,4,19,55,55,55
61252,"1/100,000",5,3,10,3,5,7,9,3,8,6,6,5,9,2,4,4,3,4,3,9,28,28,28
61293,"1/1,000",10,3,22,12,4,4,11,7,12,9,8,10,10,15,7,7,4,7,14,17,55,55,55
61293,"1/100,000",2,1,14,4,3,2,7,4,6,5,5,10,11,3,3,3,7,7,10,6,35,35,35
61325,"1/1,000",4,3,6,2,1,5,11,5,26,12,18,9,14,9,10,9,7,5,2,26,54,54,54
61325,"1/100,000",9,6,9,3,5,4,16,5,19,12,11,14,18,11,11,14,6,3,2,17,52,52,52
61331,"1/1,000",5,2,14,3,2,1,13,9,14,5,12,4,15,9,13,9,2,4,13,21,49,49,49
61331,1/10,6,3,17,3,2,2,15,8,10,12,11,8,18,14,13,8,5,5,15,23,54,54,54
61337,"1/1,000",4,1,7,5,7,7,14,5,13,12,13,9,13,4,11,14,8,5,3,24,53,53,53
61337,"1/100,000",4,1,7,0,5,5,16,7,6,6,8,7,10,8,4,3,6,7,5,8,30,30,30
6137,"1/1,000",11,6,3,2,8,11,13,3,11,5,8,9,11,5,6,13,3,2,1,12,46,46,46
6137,1/10,9,4,7,2,13,15,10,4,21,12,12,8,18,17,8,23,6,6,2,12,53,53,53
61386,"1/1,000",2,2,10,1,1,2,2,2,7,4,7,5,4,4,5,3,4,2,5,6,24,24,24
61386,1/10,10,6,17,5,4,3,10,3,18,8,8,11,18,11,6,14,7,4,4,15,49,49,49
6140,"1/1,000",2,3,8,6,2,1,4,2,8,3,5,8,9,7,7,3,3,3,5,4,32,32,32
6140,1/10,4,2,8,1,1,3,6,5,11,4,4,5,13,9,6,4,3,6,3,9,35,35,35
61408,"1/1,000",12,6,24,11,2,3,5,8,12,7,11,9,9,8,11,6,2,2,4,19,51,51,51
61408,"1/100,000",14,6,31,14,3,4,5,5,8,5,6,8,4,5,5,3,5,5,17,9,43,43,43
61523,"1/1,000",5,5,21,14,2,2,7,6,8,7,7,13,10,4,5,2,6,12,17,19,50,50,50
61523,"1/100,000",5,4,12,5,0,0,4,0,3,4,0,6,4,0,0,1,2,0,6,1,21,21,21
61527,"1/10,000,000",5,1,7,1,1,2,5,2,2,2,1,5,5,1,1,1,0,1,3,2,23,23,23
61527,"1/100,000",7,5,14,2,2,3,7,5,6,12,5,8,15,5,6,11,10,5,3,16,51,51,51
61641,"1/10,000,000",6,2,7,1,3,3,5,5,9,5,6,5,12,8,5,4,7,11,6,9,35,35,35
61641,"1/100,000",1,1,12,1,1,3,8,4,9,6,6,3,5,4,3,3,5,5,2,8,33,33,33
61653,"1/10,000,000",12,11,11,1,0,3,10,3,4,9,7,7,8,3,6,5,8,3,2,10,36,36,36
61653,"1/100,000",12,7,12,4,3,2,8,5,9,11,10,8,14,7,9,14,13,10,4,18,54,54,54
61659,"1/1,000",10,7,3,1,8,10,9,3,19,25,12,11,17,12,13,17,5,5,1,17,54,54,54
61659,"1/100,000",12,7,3,1,6,13,11,6,12,24,10,9,10,4,6,8,9,4,2,11,52,52,52
61670,"1/10,000,000",3,3,9,2,0,1,2,4,3,3,1,4,1,1,1,1,3,4,2,4,18,18,18
61670,"1/100,000",18,14,7,0,1,6,10,2,4,11,5,12,12,5,3,7,5,1,1,8,48,48,48
61771,"1/1,000",11,5,25,7,3,3,11,7,15,4,17,6,7,8,8,5,2,5,9,24,51,51,51
61771,1/10,10,2,22,6,1,1,18,15,12,8,18,10,6,3,10,5,6,8,11,33,54,54,54
61809,"1/1,000",11,6,14,6,7,9,12,4,19,18,19,9,14,10,11,14,4,4,6,27,54,54,54
61809,"1/100,000",13,5,17,5,6,6,15,6,13,13,13,12,11,5,11,6,5,4,6,28,52,52,52
6184,"1/10,000,000",1,0,3,1,1,1,1,4,6,1,2,2,4,5,1,1,2,5,3,3,21,21,21
6184,"1/100,000",1,1,1,3,8,3,7,10,22,13,16,11,23,15,18,18,8,5,1,28,55,55,55
61918,"1/1,000",8,6,8,2,4,5,10,4,15,16,9,15,19,9,10,16,15,13,5,23,55,55,55
61918,"1/100,000",4,3,4,0,3,3,4,6,9,8,5,7,7,6,1,11,9,11,1,5,41,41,41
61945,"1/10,000,000",3,3,9,2,1,3,5,4,3,4,2,4,5,3,2,2,4,1,3,6,20,20,20
61945,"1/100,000",1,1,7,2,0,1,3,6,2,5,2,5,10,3,2,4,4,3,1,10,26,26,26
6202,"1/1,000",16,6,7,3,8,10,9,4,14,13,9,10,15,7,6,6,5,1,3,14,53,53,53
6202,1/10,17,10,10,2,6,8,13,3,18,16,7,10,11,5,6,7,9,3,4,14,55,55,55
62087,"1/10,000,000",1,1,2,1,1,3,4,2,4,5,3,5,5,1,3,1,4,1,3,6,21,21,21
62087,"1/100,000",7,5,8,0,5,4,6,8,8,5,8,8,9,5,13,6,1,0,3,6,36,36,36
62089,"1/1,000",3,2,3,2,3,4,8,9,13,10,11,7,18,14,11,8,7,2,3,19,51,51,51
62089,1/10,2,1,5,3,3,4,9,6,19,15,13,11,28,12,8,9,12,2,2,26,54,54,54
6213,"1/1,000",5,1,12,3,2,2,2,4,6,3,2,3,8,3,3,2,5,2,4,6,25,25,25
6213,1/10,16,12,26,5,0,2,8,3,1,7,3,8,5,0,2,0,4,1,7,6,38,38,38
62144,"1/10,000,000",17,8,6,3,11,15,12,3,15,30,13,17,18,10,10,15,9,5,5,17,55,55,55
62144,"1/100,000",10,7,5,1,9,16,17,2,14,32,10,15,9,5,9,17,10,3,3,13,54,54,54
62332,"1/1,000",4,1,2,1,3,4,3,1,2,2,2,2,7,5,6,4,3,2,4,5,17,17,17
62332,1/10,1,4,19,5,2,2,7,4,6,2,3,10,5,2,0,3,3,4,11,11,39,39,39
62351,"1/1,000",15,3,7,5,15,19,14,5,16,8,15,12,14,6,14,19,3,6,5,13,54,54,54
62351,"1/100,000",12,4,6,4,12,11,11,5,19,8,8,9,13,9,7,14,4,5,4,8,50,50,50
62374,"1/1,000",6,1,13,7,3,4,9,9,13,3,8,7,10,6,7,6,9,9,9,14,49,49,49
62374,"1/100,000",5,2,12,1,1,2,4,7,4,4,4,7,7,4,2,3,7,2,4,10,32,32,32
62375,"1/1,000",7,2,13,6,4,8,10,9,13,10,20,7,11,9,13,5,6,9,10,31,54,54,54
62375,"1/100,000",4,5,12,2,0,1,6,5,6,5,5,7,10,5,4,2,5,5,5,11,38,38,38
62378,"1/1,000",9,0,24,4,1,3,15,4,7,8,11,8,9,5,5,4,4,11,16,19,53,53,53
62378,"1/100,000",8,4,18,10,0,0,6,4,6,5,6,4,7,6,5,2,2,4,6,13,37,37,37
62444,"1/1,000",3,2,2,2,11,10,8,5,26,9,13,7,17,15,13,40,2,2,2,13,54,54,54
62444,"1/100,000",4,2,4,4,11,6,7,5,26,7,7,6,18,17,16,38,4,2,2,7,55,55,55
62465,"1/1,000",20,8,18,1,2,8,23,3,9,21,11,15,11,3,8,5,13,4,5,17,54,54,54
62465,"1/100,000",15,9,14,3,6,9,26,5,12,19,7,12,10,4,6,6,13,4,5,12,51,51,51
62572,"1/1,000",28,17,41,15,0,0,9,4,1,1,1,15,2,1,0,1,3,3,12,7,47,47,47
62572,"1/100,000",7,2,6,2,4,6,7,4,11,12,7,8,9,6,5,5,6,4,2,9,40,40,40
62580,"1/1,000",2,2,13,3,1,1,2,3,11,3,4,4,7,6,4,2,1,1,5,10,29,29,29
62580,"1/100,000",1,0,10,1,0,0,4,4,3,4,8,5,5,4,3,4,4,2,5,8,28,28,28
62725,"1/10,000,000",4,2,9,4,4,6,9,5,10,6,9,6,12,4,5,3,8,5,6,17,36,36,36
62725,"1/100,000",6,1,11,6,3,4,11,8,10,7,17,7,8,7,10,6,8,11,7,31,51,51,51
6274,"1/1,000",3,2,8,2,1,3,6,4,3,3,1,3,6,5,3,3,1,0,3,6,27,27,27
6274,1/10,6,3,12,3,3,3,12,7,9,11,19,14,16,8,11,9,6,3,5,20,48,48,48
6276,"1/1,000",2,1,3,3,3,3,7,6,18,7,10,4,20,11,13,12,5,3,3,12,39,39,39
6276,"1/100,000",3,2,8,4,2,2,4,4,12,5,7,3,19,12,6,4,5,5,4,14,42,42,42
62835,"1/10,000,000",11,10,13,2,2,7,10,6,12,12,8,8,12,6,7,8,4,2,5,11,38,38,38
62835,"1/100,000",27,19,28,5,2,3,14,5,6,12,3,14,7,3,3,5,7,4,4,7,54,54,54
6287,"1/1,000",2,2,7,1,1,2,3,2,5,2,3,5,5,3,2,2,1,3,4,9,23,23,23
6287,1/10,9,5,12,3,2,6,9,7,6,11,5,12,14,10,5,6,7,5,6,11,43,43,43
62900,"1/1,000",27,16,37,19,1,3,12,5,3,4,3,12,6,1,1,2,7,2,11,13,54,54,54
62900,"1/100,000",21,9,28,9,2,2,11,7,7,4,3,5,6,4,3,4,7,5,9,7,45,45,45
62902,"1/1,000",56,12,97,70,1,1,5,11,22,2,11,23,3,2,3,4,1,4,36,26,108,108,108
62902,"1/100,000",37,16,83,49,2,6,9,10,18,6,10,16,20,9,2,3,7,13,38,13,101,101,101
6322,"1/1,000",1,1,7,3,0,2,2,4,6,1,3,5,7,6,3,4,2,3,3,8,21,21,21
6322,1/10,1,1,7,0,0,1,4,3,2,3,3,4,4,2,2,2,2,3,1,4,20,20,20
6374,"1/1,000",1,1,8,4,4,6,9,10,13,9,21,6,16,6,12,9,5,3,4,35,53,53,53
6374,1/10,2,2,10,6,4,4,8,9,13,8,22,9,15,9,17,7,5,2,4,42,55,55,55
637563,"1/1,000",27,7,39,15,1,1,17,7,10,5,4,10,5,3,3,3,4,5,9,13,51,51,51
637563,"1/100,000",6,2,13,7,0,1,8,5,5,4,8,7,4,0,3,4,6,2,5,7,37,37,37
637566,"1/1,000",5,4,24,14,0,4,12,9,10,6,11,4,10,5,8,6,8,8,20,28,54,54,54
637566,"1/100,000",8,4,18,9,0,2,8,6,7,3,4,5,3,2,2,4,3,5,10,12,40,40,40
637758,"1/1,000",10,5,30,19,1,1,10,7,11,5,9,6,7,4,7,6,2,4,11,18,47,47,47
637758,"1/100,000",12,5,27,14,4,6,8,5,7,5,6,11,6,3,3,2,6,5,8,11,36,36,36
637776,"1/1,000",12,12,22,8,0,1,7,5,6,7,1,7,2,0,2,3,5,2,6,7,40,40,40
637776,"1/100,000",4,4,6,4,3,2,2,2,3,5,3,4,6,5,5,3,4,2,3,7,20,20,20
637796,"1/1,000",19,8,36,6,3,3,21,12,10,8,6,9,8,3,4,3,4,2,8,14,50,50,50
637796,"1/100,000",2,1,7,2,1,2,4,1,6,1,2,3,6,4,1,1,4,2,1,1,21,21,21
638014,"1/1,000",8,4,24,15,2,2,8,4,12,10,8,9,11,7,9,6,6,4,11,22,51,51,51
638014,"1/100,000",10,3,27,19,2,3,12,3,7,3,4,8,7,2,3,3,4,4,14,11,43,43,43
638024,"1/1,000",0,1,4,1,1,1,1,0,2,1,0,1,5,3,1,0,0,2,1,4,16,16,16
638024,1/10,21,17,21,5,5,7,17,6,8,10,4,16,6,4,3,6,7,6,9,9,53,53,53
6386,"1/1,000",7,1,12,2,2,1,2,4,6,5,3,3,8,3,2,0,3,3,4,5,24,24,24
6386,1/10,1,0,10,5,0,0,3,11,6,5,16,5,5,6,14,7,6,6,5,28,49,49,49
641256,"1/1,000",11,5,11,5,1,4,15,5,8,9,9,8,9,6,4,5,7,5,4,14,43,43,43
641256,"1/100,000",3,2,7,1,1,2,6,2,5,6,6,7,9,5,2,2,2,3,3,8,27,27,27
641423,"1/1,000",9,6,29,12,2,3,10,5,8,5,6,9,12,9,5,7,5,4,18,14,45,45,45
641423,"1/100,000",6,4,11,6,3,3,7,6,7,5,5,9,15,7,5,5,8,4,7,13,41,41,41
6429333,"1/10,000,000",2,3,4,2,0,3,4,3,3,1,0,6,6,2,2,1,3,1,2,5,21,21,21
6429333,"1/100,000",2,1,6,1,1,2,4,7,11,2,4,3,10,6,5,3,3,4,4,7,35,35,35
643820,"1/1,000",7,6,30,17,1,5,14,8,9,8,12,7,11,4,5,3,5,8,14,17,52,52,52
643820,"1/100,000",6,3,10,4,1,3,5,7,6,1,7,3,3,2,6,3,3,4,7,9,33,33,33
6448,"1/1,000",2,2,11,5,2,5,5,10,8,4,10,7,10,4,11,8,4,6,7,21,44,44,44
6448,"1/100,000",4,4,13,4,1,2,7,7,7,4,9,10,9,7,4,4,6,5,6,14,39,39,39
650,"1/1,000",8,2,4,3,1,7,10,9,26,11,17,8,17,15,19,7,6,4,2,27,54,54,54
650,"1/100,000",9,5,2,1,2,6,14,4,18,10,12,5,18,11,12,5,9,9,5,16,49,49,49
6501,"1/10,000,000",2,0,5,1,0,1,2,2,2,2,1,5,3,0,1,1,2,1,3,2,15,15,15
6501,"1/100,000",8,3,20,12,1,2,4,5,8,2,2,6,5,3,3,3,3,1,8,8,37,37,37
6505,"1/1,000",1,2,4,1,1,0,1,0,2,1,1,1,3,1,1,0,0,0,1,1,15,15,15
6505,1/10,7,5,3,1,2,5,6,7,11,6,6,6,10,9,4,3,4,2,2,11,33,33,33
6506,"1/1,000",2,2,7,1,1,2,2,5,3,4,4,4,6,3,3,0,3,2,2,6,18,18,18
6506,1/10,5,2,12,6,2,5,8,6,13,7,10,12,8,9,10,2,4,3,5,19,40,40,40
6544,"1/1,000",7,5,19,10,3,4,12,8,11,6,11,8,9,3,5,4,7,6,14,16,50,50,50
6544,"1/100,000",5,1,9,5,0,1,5,2,7,2,5,7,5,2,5,3,2,5,8,9,32,32,32
6549,"1/1,000",15,6,33,21,2,3,10,8,4,3,3,14,4,2,4,2,3,4,25,16,51,51,51
6549,"1/100,000",11,4,23,13,0,1,4,11,6,1,5,6,7,2,2,2,2,7,14,10,39,39,39
6560,"1/1,000",2,4,8,3,1,2,6,6,7,4,9,6,9,8,3,3,2,2,1,15,35,35,35
6560,"1/100,000",2,3,7,1,0,2,4,4,5,5,4,2,10,3,2,2,5,2,2,9,32,32,32
6561,"1/1,000",3,3,6,2,7,5,10,9,21,14,22,8,20,12,18,18,5,4,2,33,55,55,55
6561,"1/100,000",5,5,8,3,4,8,6,9,18,10,15,7,17,14,7,10,3,4,2,18,47,47,47
6569,"1/1,000",5,3,9,2,4,5,10,7,8,8,11,4,12,7,6,4,4,5,5,17,42,42,42
6569,"1/100,000",3,3,7,0,1,1,0,5,7,3,3,3,3,0,1,2,2,2,2,5,23,23,23
6584,"1/1,000",3,3,6,3,1,3,4,1,7,2,2,4,9,5,2,3,2,2,2,5,23,23,23
6584,1/10,5,1,3,1,1,7,6,7,15,4,16,5,10,10,11,6,6,1,1,28,51,51,51
6590,"1/10,000,000",2,3,6,2,2,4,5,3,10,2,6,4,6,4,3,2,2,2,5,6,23,23,23
6590,"1/100,000",6,3,7,5,1,3,8,2,18,6,7,9,14,13,7,14,3,0,4,10,45,45,45
660,"1/1,000",18,15,39,8,1,1,19,10,9,6,7,11,8,5,7,3,6,4,16,18,55,55,55
660,"1/100,000",11,13,26,5,1,1,11,4,4,6,7,13,9,3,3,2,7,5,13,11,44,44,44
6658,"1/1,000",5,2,13,3,5,8,13,7,11,6,13,10,16,9,6,4,8,7,6,19,45,45,45
6658,"1/100,000",0,0,5,3,2,2,5,6,6,6,4,3,5,5,4,4,2,3,4,10,26,26,26
6669,"1/1,000",3,2,25,7,2,3,9,7,5,7,9,16,10,2,5,2,5,7,23,17,49,49,49
6669,1/10,2,0,27,7,0,0,9,5,5,3,5,10,8,4,4,2,2,3,19,13,47,47,47
6753,"1/1,000",5,4,10,2,0,1,1,3,10,3,2,4,9,2,0,1,3,1,7,6,26,26,26
6753,"1/100,000",4,3,9,0,0,2,4,0,3,0,2,4,7,3,2,1,1,1,1,3,20,20,20
679,"1/1,000",2,0,2,1,1,1,3,3,14,2,4,2,6,9,7,9,1,1,2,7,31,31,31
679,1/10,10,2,9,3,2,4,8,4,15,5,8,5,9,6,5,6,2,4,3,9,39,39,39
6826,"1/1,000",10,4,24,12,0,1,5,5,5,5,3,8,10,1,1,1,7,4,15,9,49,49,49
6826,"1/100,000",3,4,12,5,0,2,0,4,4,1,1,6,7,0,0,2,5,4,5,7,27,27,27
6920,"1/10,000,000",9,6,11,1,2,3,7,2,3,5,3,6,6,3,1,0,5,3,1,8,28,28,28
6920,"1/100,000",10,9,15,5,0,1,11,2,9,8,7,9,15,4,6,5,9,6,5,11,44,44,44
6943,"1/1,000",3,2,7,3,3,5,14,12,12,18,22,6,7,6,15,5,9,3,2,45,54,54,54
6943,"1/100,000",1,1,10,5,3,1,5,10,11,8,12,5,10,7,8,7,6,5,5,20,38,38,38
6989,"1/1,000",10,4,8,2,1,4,20,6,9,10,12,13,13,2,8,8,9,4,3,29,54,54,54
6989,"1/100,000",5,4,6,1,0,4,14,3,7,8,10,10,10,5,6,3,11,6,6,12,42,42,42
69963,"1/1,000",9,5,15,7,4,3,8,6,12,7,6,10,11,6,4,4,8,20,15,10,46,46,46
69963,"1/100,000",6,4,10,3,2,3,5,3,9,2,3,2,8,2,4,2,3,6,4,5,31,31,31
6997,"1/1,000",7,3,13,5,2,2,8,10,12,14,22,10,16,3,14,9,7,3,4,43,55,55,55
6997,"1/100,000",3,0,3,0,0,3,8,7,6,16,12,10,11,3,10,4,6,1,4,35,52,52,52
6998,"1/1,000",4,2,7,5,1,3,9,12,7,20,26,12,8,9,19,4,8,2,3,37,53,53,53
6998,"1/100,000",3,1,8,2,2,3,6,2,10,12,12,6,15,7,8,5,5,6,4,23,47,47,47
6999977,"1/1,000",18,18,22,9,3,5,11,4,12,7,5,9,8,5,4,5,8,6,5,15,47,47,47
6999977,"1/100,000",4,2,9,4,0,3,3,2,9,7,3,8,8,5,4,4,3,2,4,10,27,27,27
702,"1/1,000",7,6,13,1,0,1,4,2,3,1,1,3,3,2,1,0,1,2,1,2,27,27,27
702,"1/100,000",2,2,7,1,1,0,3,2,3,2,2,2,8,3,0,2,2,0,6,2,27,27,27
7047,"1/1,000",2,1,6,3,4,4,8,5,12,18,21,8,17,7,16,10,9,3,2,41,54,54,54
7047,"1/100,000",2,2,12,5,1,4,8,4,8,11,8,14,14,6,6,10,5,5,4,20,42,42,42
7059,"1/1,000",3,2,12,4,0,2,8,7,13,8,14,5,12,6,14,2,6,3,8,28,53,53,53
7059,"1/100,000",6,3,22,8,0,2,8,5,6,3,5,8,10,5,0,3,4,2,18,14,45,45,45
7092,"1/1,000",12,2,27,7,0,1,8,6,5,4,4,12,11,4,5,5,5,7,12,14,52,52,52
7092,1/10,6,4,22,6,1,4,13,8,11,8,14,8,17,9,10,8,8,6,9,27,53,53,53
7095,"1/1,000",6,5,16,5,1,2,9,12,4,4,9,4,9,5,3,3,6,1,8,20,39,39,39
7095,1/10,5,4,7,5,4,7,17,12,15,18,22,10,14,6,14,7,10,6,7,38,55,55,55
7119,"1/1,000",11,9,34,19,1,1,10,8,5,3,8,15,6,2,5,2,3,5,27,23,54,54,54
7119,1/10,7,5,31,10,1,1,11,6,8,3,13,12,7,3,11,4,6,6,18,32,54,54,54
7122,"1/1,000",7,8,33,16,1,2,10,11,5,3,5,12,4,3,5,4,4,5,21,22,52,52,52
7122,1/10,10,3,31,17,1,1,10,11,8,6,11,13,5,4,10,4,1,4,13,31,55,55,55
7127,"1/1,000",11,5,15,4,3,3,14,6,8,4,3,8,5,0,1,3,5,2,6,4,39,39,39
7127,"1/100,000",3,0,9,3,1,1,6,2,1,3,0,6,7,4,3,3,6,4,8,7,26,26,26
7136,"1/1,000",25,15,29,8,3,3,23,5,11,8,6,15,5,3,2,4,8,6,11,12,52,52,52
7136,"1/100,000",6,4,12,3,1,2,10,3,4,1,5,2,3,1,1,1,3,4,3,7,30,30,30
7137,"1/1,000",16,11,27,15,2,3,17,5,3,7,6,10,3,2,4,3,2,6,14,11,48,48,48
7137,1/10,13,6,30,9,2,3,18,7,10,10,6,15,7,2,4,5,7,2,13,11,50,50,50
7144,"1/10,000,000",10,3,13,4,5,4,6,7,11,14,9,12,17,6,7,4,11,5,3,14,58,58,58
7144,"1/100,000",24,11,18,6,17,17,26,12,20,42,25,27,28,11,15,15,29,7,6,51,104,104,104
7147,"1/1,000",4,2,14,7,2,3,8,8,6,5,9,6,3,2,2,2,3,4,5,21,40,40,40
7147,"1/100,000",2,1,3,1,0,1,1,5,3,0,2,0,3,2,2,0,1,0,2,6,15,15,15
7150,"1/10,000,000",3,4,5,3,1,2,2,5,5,4,4,4,4,3,1,4,3,4,0,4,26,26,26
7150,"1/100,000",5,2,9,4,1,1,5,3,5,4,5,5,4,4,1,3,3,4,6,8,28,28,28
7151,"1/1,000",3,3,10,4,4,4,8,8,11,18,18,10,12,6,8,10,8,2,6,23,46,46,46
7151,1/10,3,4,17,6,2,4,6,9,12,10,13,7,15,9,15,10,12,5,7,30,53,53,53
7165,"1/1,000",8,3,29,17,1,3,8,12,11,7,15,8,5,5,9,5,6,7,12,28,51,51,51
7165,"1/100,000",3,3,12,6,0,0,5,7,10,2,2,1,8,3,3,1,0,1,7,7,29,29,29
7194,"1/1,000",3,2,5,1,0,0,3,1,4,1,1,2,6,2,2,2,1,2,3,2,20,20,20
7194,1/10,4,1,16,2,0,2,6,6,4,4,5,5,7,3,6,2,5,3,16,12,42,42,42
7288,"1/1,000",1,1,9,4,1,1,7,3,8,4,12,4,6,3,10,2,4,3,4,28,44,44,44
7288,"1/100,000",3,3,7,2,3,4,9,7,9,6,9,8,13,6,8,4,6,9,4,13,36,36,36
7302,"1/1,000",7,2,5,3,5,6,7,3,18,7,5,11,16,18,7,15,4,4,2,9,44,44,44
7302,"1/100,000",2,2,8,3,1,1,5,1,3,3,2,5,5,3,1,2,5,3,4,8,24,24,24
7335,"1/1,000",10,5,7,5,10,15,15,11,20,10,16,6,16,10,8,7,7,11,5,25,54,54,54
7335,"1/100,000",2,1,11,4,2,1,6,5,9,4,7,5,11,4,5,4,4,7,9,13,38,38,38
7341,"1/10,000,000",3,3,5,1,3,3,4,6,9,7,3,5,12,9,3,1,7,3,3,6,24,24,24
7341,"1/100,000",5,5,14,9,2,2,3,3,8,7,7,4,13,8,3,2,4,4,5,10,34,34,34
7360,"1/1,000",3,3,12,3,2,4,10,5,9,5,7,5,6,6,8,4,5,5,6,13,35,35,35
7360,"1/100,000",1,1,7,0,1,1,2,3,5,4,3,5,9,6,2,3,3,2,2,5,20,20,20
7361,"1/1,000",11,7,15,6,7,6,14,6,13,12,9,10,12,7,8,10,8,4,6,15,50,50,50
7361,"1/100,000",5,3,9,1,2,2,5,2,7,5,2,6,11,5,2,2,7,4,3,7,29,29,29
7409,"1/1,000",2,3,14,6,1,1,5,5,6,8,12,6,11,6,3,4,8,7,9,18,45,45,45
7409,"1/100,000",0,1,2,2,0,1,0,2,5,1,3,3,4,3,2,2,4,1,4,5,17,17,17
7410,"1/1,000",9,5,26,13,1,3,9,9,9,7,18,9,7,2,10,3,3,3,17,36,55,55,55
7410,"1/100,000",5,4,16,3,2,2,7,7,7,2,4,7,10,1,3,4,6,8,7,10,40,40,40
7463,"1/1,000",5,1,11,4,0,4,13,13,8,9,13,8,13,4,9,0,5,3,6,33,51,51,51
7463,1/10,7,2,13,8,1,7,15,15,11,12,23,12,11,7,18,6,7,6,4,41,55,55,55
7476,"1/1,000",11,4,31,10,2,2,8,8,3,2,6,9,6,1,1,2,2,3,19,13,48,48,48
7476,1/10,24,22,32,12,1,3,19,5,9,9,9,15,9,2,7,4,9,8,11,21,55,55,55
750,"1/1,000",3,3,10,4,1,1,2,2,3,3,3,2,4,5,2,2,3,2,3,3,27,27,27
750,1/10,12,6,28,11,4,5,8,5,12,5,9,8,8,3,6,3,6,2,11,15,48,48,48
7500,"1/1,000",4,2,4,1,1,1,7,7,9,13,16,6,10,4,19,6,5,2,4,46,55,55,55
7500,"1/100,000",4,2,8,3,0,1,5,4,5,2,3,1,3,2,3,2,2,2,4,7,25,25,25
7519,"1/1,000",2,2,6,2,4,5,6,6,9,13,18,6,13,8,15,8,9,4,5,38,54,54,54
7519,"1/100,000",2,2,5,1,1,2,4,3,5,5,5,7,7,3,3,4,4,2,3,6,29,29,29
753,"1/1,000",1,1,6,3,4,2,4,3,10,4,4,4,10,7,6,5,5,0,3,7,27,27,27
753,1/10,1,0,2,0,2,1,3,6,3,1,1,0,4,3,1,1,2,5,2,2,16,16,16
7559,"1/1,000",5,2,19,7,3,4,12,11,15,7,12,11,17,10,14,12,8,6,16,17,55,55,55
7559,"1/100,000",3,3,8,1,4,2,11,6,10,6,9,7,11,7,14,7,4,5,10,17,49,49,49
7583,"1/1,000",6,4,18,6,2,5,8,10,7,5,18,7,7,5,8,2,11,9,7,31,53,53,53
7583,"1/100,000",2,2,6,0,0,2,7,1,6,4,0,3,5,2,0,0,4,3,3,2,22,22,22
7593,"1/1,000",6,4,11,1,1,3,10,7,15,13,12,10,19,10,18,13,6,4,6,22,54,54,54
7593,"1/100,000",4,4,9,3,2,5,6,3,9,6,6,12,14,12,11,12,5,2,8,10,41,41,41
7601,"1/1,000",4,2,17,8,1,3,3,5,6,8,7,9,8,5,6,3,4,6,9,13,40,40,40
7601,"1/100,000",2,2,6,0,2,0,4,0,6,2,4,4,4,3,1,1,3,2,4,1,20,20,20
7632,"1/1,000",5,3,26,5,1,1,8,4,5,5,7,10,6,3,6,2,9,7,24,15,42,42,42
7632,"1/100,000",3,1,7,0,3,1,2,2,3,3,4,3,3,1,2,1,5,2,3,6,21,21,21
7635,"1/1,000",4,3,10,5,2,3,8,5,7,9,11,10,11,5,5,6,6,6,4,24,48,48,48
7635,"1/100,000",4,2,10,2,0,2,3,3,4,2,1,4,4,0,1,3,1,2,3,5,23,23,23
7654,"1/1,000",6,3,25,7,1,2,10,9,9,6,10,9,9,6,8,6,3,5,21,20,54,54,54
7654,"1/100,000",7,2,14,3,1,3,6,5,7,5,7,4,6,3,3,2,3,5,11,9,33,33,33
7657,"1/1,000",5,5,11,4,1,3,7,4,9,6,4,9,12,5,6,5,4,3,7,13,33,33,33
7657,1/10,23,17,42,24,1,3,11,10,6,4,9,12,6,3,6,4,6,3,12,21,55,55,55
7695,"1/1,000",14,7,36,21,1,2,7,5,8,2,4,9,6,1,1,3,1,5,17,15,48,48,48
7695,"1/100,000",5,6,15,5,1,1,2,5,9,5,5,8,13,5,3,7,3,1,6,12,39,39,39
7720,"1/1,000",5,1,7,4,4,5,6,5,26,13,12,7,19,16,16,17,2,5,5,26,54,54,54
7720,"1/100,000",5,4,8,1,4,5,2,3,14,7,7,7,20,16,9,19,2,3,3,10,46,46,46
7731,"1/1,000",7,3,19,7,3,2,12,10,13,9,14,6,11,4,9,8,3,5,12,22,52,52,52
7731,"1/100,000",9,6,26,12,3,3,10,6,12,6,7,8,7,6,6,5,9,8,13,10,45,45,45
7749,"1/1,000",12,8,23,13,2,4,5,9,13,9,15,8,11,7,10,12,3,4,5,28,54,54,54
7749,"1/100,000",7,4,10,5,5,4,7,5,11,8,8,9,15,10,9,9,6,5,7,13,41,41,41
7761,"1/1,000",29,10,48,38,1,1,5,9,13,3,7,11,5,1,1,4,1,2,19,9,55,55,55
7761,"1/100,000",12,10,35,20,1,2,8,7,8,5,4,8,6,4,2,4,4,5,12,9,44,44,44
7762,"1/1,000",26,11,42,33,1,1,9,7,14,3,8,10,8,6,3,5,3,2,13,15,55,55,55
7762,"1/100,000",19,10,33,25,3,5,8,6,11,6,6,8,5,6,5,6,4,3,12,15,46,46,46
7765,"1/1,000",5,5,10,5,3,2,9,4,5,5,7,8,8,4,7,3,4,4,3,22,42,42,42
7765,"1/100,000",1,2,16,6,0,0,4,5,7,3,5,7,6,0,6,1,2,2,5,22,35,35,35
7768,"1/1,000",0,0,4,1,3,4,10,4,6,5,7,4,13,5,6,8,8,4,1,12,32,32,32
7768,1/10,2,2,8,1,1,2,4,7,9,7,7,5,9,6,8,5,4,3,3,12,36,36,36
7770,"1/1,000",10,4,30,22,3,2,8,3,19,7,8,7,15,10,10,12,3,4,8,16,55,55,55
7770,"1/100,000",4,3,9,2,4,4,10,4,10,7,3,9,11,11,7,9,5,2,3,7,40,40,40
778574,"1/1,000",12,4,18,10,3,6,6,6,6,5,7,8,10,5,6,5,4,4,9,10,40,40,40
778574,1/10,11,5,21,11,2,2,12,7,13,10,12,12,16,10,9,11,6,5,12,21,53,53,53
7792,"1/1,000",0,0,14,10,0,1,9,12,8,4,13,7,9,6,13,7,6,5,15,37,54,54,54
7792,"1/100,000",1,0,3,1,1,3,2,2,5,2,3,3,8,1,3,2,1,5,2,7,20,20,20
7793,"1/1,000",4,1,25,15,1,1,10,7,10,7,14,8,7,5,10,7,4,5,19,23,54,54,54
7793,"1/100,000",9,2,24,14,1,1,7,7,9,3,7,9,5,4,6,5,3,1,16,11,42,42,42
7795,"1/1,000",14,7,33,21,3,2,11,6,13,4,6,7,11,4,6,5,3,2,12,14,51,51,51
7795,"1/100,000",2,2,5,1,1,2,3,3,6,3,3,1,7,3,2,6,4,7,0,5,28,28,28
7797,"1/1,000",17,6,38,26,1,1,8,5,9,4,10,9,3,1,4,3,3,6,20,14,51,51,51
7797,"1/100,000",9,5,27,11,1,2,10,3,6,2,3,12,8,4,2,3,5,3,11,10,43,43,43
7799,"1/1,000",13,6,37,29,3,4,7,7,5,2,6,13,5,3,3,5,4,4,19,14,52,52,52
7799,"1/100,000",11,3,25,16,1,1,6,6,5,4,3,8,2,2,2,1,3,6,11,11,38,38,38
7803,"1/1,000",4,2,23,7,2,2,8,12,9,5,18,11,6,6,11,4,2,4,7,36,52,52,52
7803,"1/100,000",3,1,7,1,0,2,4,5,2,2,3,0,5,3,0,1,6,4,4,3,23,23,23
7820,"1/1,000",4,2,18,7,2,2,8,7,15,4,21,7,6,3,13,10,2,5,7,32,50,50,50
7820,1/10,10,3,20,10,0,1,6,6,9,4,16,6,6,2,10,3,2,5,7,28,49,49,49
7824,"1/1,000",22,5,37,25,2,2,6,5,14,2,8,7,8,3,5,4,2,4,15,17,54,54,54
7824,"1/100,000",3,4,10,3,1,2,8,4,10,4,11,6,5,4,4,6,2,5,6,14,32,32,32
7826,"1/1,000",8,4,26,14,0,2,7,9,9,9,7,5,6,5,3,2,4,9,13,11,46,46,46
7826,"1/100,000",7,2,13,7,1,2,5,3,8,4,2,3,8,2,3,5,5,4,5,9,28,28,28
78925,"1/1,000",21,5,5,1,10,30,19,4,18,7,4,9,14,10,8,16,2,3,3,10,54,54,54
78925,"1/100,000",3,1,4,1,3,4,6,3,6,5,6,4,8,5,5,6,3,5,3,6,25,25,25
7894,"1/10,000,000",1,1,4,0,1,1,1,4,4,1,4,4,6,2,1,0,4,2,1,6,21,21,21
7894,"1/100,000",5,4,6,1,2,3,8,3,7,6,7,6,11,6,4,5,2,2,2,17,39,39,39
7915,"1/1,000",3,2,20,8,0,3,14,12,14,7,16,8,12,7,10,5,5,9,10,34,68,68,68
7915,"1/100,000",7,5,13,3,2,3,9,1,9,6,6,9,13,4,6,2,6,12,4,7,48,48,48
7916,"1/10,000,000",0,0,7,2,1,1,1,3,3,2,2,2,6,2,3,4,3,3,1,8,20,20,20
7916,"1/100,000",3,2,11,5,2,4,7,3,9,2,3,5,8,3,1,5,1,2,6,5,28,28,28
7921,"1/1,000",9,7,15,5,1,1,8,5,7,0,3,6,6,4,6,4,1,2,3,8,36,36,36
7921,"1/100,000",2,2,6,3,1,1,3,2,5,3,4,8,9,2,2,1,3,2,3,6,22,22,22
7937,"1/1,000",9,6,11,2,6,3,9,6,17,16,19,10,13,8,16,9,10,4,3,31,55,55,55
7937,"1/100,000",3,4,8,2,3,3,8,7,10,7,11,7,7,5,3,8,6,2,1,20,48,48,48
7967,"1/1,000",9,6,31,13,3,2,10,26,17,19,35,17,15,13,26,13,9,5,12,74,108,108,108
7967,"1/100,000",6,3,10,2,3,3,5,7,10,7,9,7,14,6,6,5,8,4,8,16,52,52,52
7969,"1/10,000,000",3,1,7,0,0,3,3,1,3,3,0,5,7,5,3,3,2,1,2,5,20,20,20
7969,"1/100,000",11,3,4,2,9,12,11,0,10,10,5,7,9,6,6,10,2,0,1,10,39,39,39
7983,"1/1,000",16,6,26,18,3,4,5,8,20,5,9,10,11,8,7,18,1,2,9,17,55,55,55
7983,"1/100,000",8,1,8,2,1,3,4,7,5,5,5,3,12,7,3,3,4,12,7,7,36,36,36
7991,"1/10,000,000",4,1,4,0,0,2,5,2,7,3,3,6,8,5,3,4,3,5,2,7,24,24,24
7991,"1/100,000",5,3,8,2,7,5,6,4,20,7,10,5,19,15,8,15,4,1,3,12,44,44,44
7997,"1/1,000",3,0,7,1,1,1,4,5,11,3,13,3,4,3,9,2,0,1,6,28,44,44,44
7997,"1/100,000",3,1,5,1,1,1,7,5,6,7,4,3,11,4,2,1,4,4,4,6,27,27,27
8007,"1/10,000,000",4,2,6,1,0,2,7,4,3,2,6,2,12,6,3,2,6,7,4,7,33,33,33
8007,"1/100,000",3,3,9,2,1,3,6,2,4,3,5,5,8,4,2,1,4,0,3,7,25,25,25
8025,"1/1,000",1,1,3,1,0,1,0,2,5,1,2,3,7,4,1,3,2,0,2,5,17,17,17
8025,1/10,6,4,11,7,2,3,7,10,7,5,10,5,13,5,8,5,3,6,8,21,45,45,45
8030,"1/1,000",25,7,2,1,16,32,28,5,23,13,10,12,18,16,13,20,10,7,3,12,78,78,78
8030,"1/100,000",8,7,13,3,9,17,13,4,18,9,5,12,23,15,6,6,8,7,7,12,65,65,65
8042,"1/1,000",4,3,10,1,0,2,5,2,3,4,4,6,4,3,0,2,5,2,2,5,24,24,24
8042,1/10,2,1,5,2,0,1,6,7,6,5,4,7,8,6,4,5,2,2,3,13,31,31,31
8048,"1/1,000",5,5,11,3,2,4,6,2,4,4,3,8,10,4,3,3,2,4,7,6,29,29,29
8048,1/10,10,3,32,17,2,2,9,9,17,6,10,12,5,3,4,6,5,5,14,16,53,53,53
8049,"1/1,000",2,2,13,2,0,0,2,2,3,4,6,4,3,0,2,2,1,0,6,6,21,21,21
8049,1/10,23,7,43,32,1,2,8,7,7,3,4,6,3,2,3,3,2,7,9,8,50,50,50
8051,"1/1,000",19,5,27,13,1,4,7,7,10,3,13,11,8,4,4,7,2,4,11,22,53,53,53
8051,"1/100,000",3,2,10,3,1,0,6,4,6,3,5,5,8,4,5,3,4,3,7,6,27,27,27
8063,"1/10,000,000",5,3,9,2,0,4,8,3,6,3,1,3,10,1,0,1,4,2,6,3,26,26,26
8063,"1/100,000",5,5,10,2,3,5,11,2,15,6,5,7,12,8,8,3,3,4,2,11,38,38,38
807,"1/1,000",1,1,8,2,2,2,5,2,5,3,3,5,5,3,2,3,2,3,5,8,24,24,24
807,1/10,1,1,1,1,5,5,7,12,19,15,25,9,13,16,17,19,3,3,1,28,52,52,52
8077,"1/1,000",12,2,1,1,18,33,19,5,17,8,9,7,21,13,13,25,5,2,4,15,55,55,55
8077,"1/100,000",15,2,5,1,13,25,18,2,10,10,10,9,10,4,7,15,4,2,0,13,51,51,51
8078,"1/1,000",4,3,8,1,1,2,6,6,9,9,18,7,8,7,10,3,2,1,4,28,40,40,40
8078,1/10,5,4,16,4,1,1,3,9,9,5,13,11,2,3,10,5,2,5,10,26,46,46,46
8082,"1/1,000",5,2,3,3,16,4,3,8,18,8,15,4,15,15,21,21,2,4,4,22,53,53,53
8082,"1/100,000",6,4,14,3,0,2,5,5,4,7,4,6,8,1,3,7,5,5,6,8,36,36,36
8091,"1/1,000",16,7,33,25,3,3,8,5,12,3,6,11,4,2,4,2,3,8,17,12,44,44,44
8091,"1/100,000",7,3,17,6,2,2,5,7,8,5,4,10,12,8,4,4,6,8,11,9,41,41,41
8093,"1/1,000",14,2,32,20,2,4,10,6,16,8,7,8,8,4,12,5,6,1,6,18,54,54,54
8093,"1/100,000",3,3,10,3,1,4,5,2,6,3,3,6,7,3,1,1,6,4,4,4,29,29,29
8094,"1/1,000",3,2,4,2,4,7,7,4,19,11,15,12,24,15,15,19,9,3,5,28,55,55,55
8094,"1/100,000",4,1,6,2,3,6,7,10,13,8,9,9,17,16,15,11,7,1,4,17,49,49,49
8103,"1/1,000",8,6,18,9,2,3,9,9,10,7,7,5,9,6,9,6,7,9,11,16,45,45,45
8103,"1/100,000",5,3,9,3,2,2,1,1,3,4,1,1,8,3,2,3,3,6,3,4,27,27,27
8118,"1/10,000,000",1,0,3,1,2,2,0,3,3,2,3,2,6,2,2,3,1,2,1,6,12,12,12
8118,"1/100,000",3,1,6,2,3,4,4,6,11,5,7,6,9,6,8,10,8,2,5,11,37,37,37
8122,"1/1,000",3,2,5,2,1,4,4,2,7,4,6,4,6,3,5,5,4,5,1,6,21,21,21
8122,1/10,7,7,12,2,4,3,6,1,6,14,3,13,8,4,1,2,6,2,2,9,43,43,43
8125,"1/1,000",5,1,8,1,4,5,11,7,12,6,8,3,10,6,5,5,4,7,3,14,41,41,41
8125,"1/100,000",8,5,13,7,4,7,7,7,6,10,9,8,10,7,5,5,5,2,6,10,33,33,33
8129,"1/1,000",15,7,46,29,4,5,19,21,21,17,32,17,14,8,23,8,9,16,30,53,106,106,106
8129,"1/100,000",9,5,33,18,2,4,11,8,13,7,9,14,11,8,9,6,7,10,12,24,67,67,67
8137,"1/1,000",22,7,33,26,1,3,5,9,11,4,3,7,8,3,5,4,5,14,17,11,52,52,52
8137,"1/100,000",13,4,21,19,2,2,8,11,13,6,6,6,8,8,5,6,6,14,17,10,52,52,52
8159,"1/1,000",12,5,25,16,2,3,4,6,8,3,3,6,7,4,2,4,3,9,13,13,37,37,37
8159,1/10,11,3,26,23,2,4,9,14,14,7,19,6,7,5,11,6,5,7,13,31,54,54,54
8163,"1/1,000",7,3,14,6,2,2,12,6,10,5,4,9,8,7,3,6,3,6,9,9,36,36,36
8163,1/10,10,1,20,14,3,6,12,9,12,6,14,9,9,5,11,6,2,7,12,28,53,53,53
8174,"1/1,000",3,2,13,4,2,4,6,11,11,6,17,7,10,7,15,6,5,6,9,32,51,51,51
8174,"1/100,000",2,0,7,4,2,2,4,5,7,3,6,5,5,3,5,2,3,2,8,11,28,28,28
8175,"1/1,000",2,2,4,1,3,7,9,8,14,8,11,9,19,13,8,7,8,1,3,23,47,47,47
8175,1/10,4,3,10,5,4,4,5,7,16,11,16,7,15,6,9,5,12,6,5,34,54,54,54
8180,"1/1,000",3,3,4,1,1,5,5,4,15,9,10,3,19,11,7,10,6,0,0,19,49,49,49
8180,1/10,2,1,5,2,2,6,7,5,19,15,18,8,24,14,16,9,9,1,3,32,54,54,54
8184,"1/1,000",2,1,13,2,1,4,7,9,7,3,11,5,10,8,7,5,4,6,8,15,47,47,47
8184,1/10,2,1,14,8,1,2,3,10,9,4,14,7,9,7,13,4,3,4,12,31,53,53,53
8186,"1/1,000",3,0,8,5,2,4,6,7,14,10,10,10,11,7,11,7,6,3,6,28,50,50,50
8186,"1/100,000",1,1,7,3,0,3,2,2,3,3,2,4,3,3,1,1,0,2,6,4,19,19,19
8193,"1/1,000",3,2,5,3,1,1,4,3,3,5,4,7,4,2,3,3,4,3,4,11,21,21,21
8193,1/10,3,1,11,5,2,3,5,8,10,4,14,8,12,8,13,9,6,8,11,22,46,46,46
8205,"1/1,000",4,4,13,3,0,2,3,6,5,5,5,5,8,4,4,3,5,0,6,6,33,33,33
8205,"1/100,000",7,1,9,0,1,1,7,3,2,3,3,4,5,2,3,5,3,1,4,6,26,26,26
82227,"1/1,000",7,2,12,4,2,2,13,10,8,12,12,8,9,5,7,6,8,9,7,27,50,50,50
82227,"1/100,000",5,2,5,4,1,2,10,6,7,4,9,5,7,1,4,3,7,8,6,13,33,33,33
8294,"1/1,000",3,0,13,8,1,2,4,5,9,4,5,3,7,7,2,5,6,9,9,6,35,35,35
8294,"1/100,000",1,1,4,0,1,2,4,3,6,3,2,2,3,2,2,5,4,3,1,5,20,20,20
8363,"1/1,000",4,4,16,4,0,2,7,5,7,4,4,8,10,3,4,4,3,4,10,13,34,34,34
8363,1/10,3,1,10,2,2,3,8,3,8,4,7,4,12,6,7,4,5,10,12,11,37,37,37
8375,"1/1,000",3,3,11,3,1,3,8,8,13,12,21,9,14,7,12,8,7,3,5,35,55,55,55
8375,"1/100,000",1,0,7,1,1,4,6,6,8,9,13,7,13,6,9,3,4,3,5,27,49,49,49
8419,"1/1,000",11,10,26,3,1,2,12,3,7,10,5,7,10,3,5,3,7,6,7,6,41,41,41
8419,1/10,33,31,46,8,0,0,9,5,4,6,1,14,1,2,2,4,4,3,7,12,54,54,54
8438,"1/1,000",17,12,34,15,1,1,8,7,7,3,5,12,3,1,1,2,1,3,16,14,44,44,44
8438,1/10,27,24,44,20,1,1,12,6,5,5,4,13,7,3,3,1,4,2,15,18,54,54,54
8452,"1/1,000",2,0,11,2,3,3,8,6,13,7,16,5,11,12,13,7,2,4,4,22,47,47,47
8452,1/10,4,4,9,2,2,2,5,8,9,13,27,6,17,10,13,7,6,3,2,36,55,55,55
8456,"1/1,000",1,1,5,1,0,1,2,5,7,9,5,3,7,2,2,2,4,1,1,9,24,24,24
8456,1/10,4,2,5,1,2,6,16,5,5,18,17,11,12,3,12,5,12,5,5,27,53,53,53
8467,"1/1,000",44,33,47,10,1,2,13,3,2,6,1,18,3,1,1,3,3,1,10,7,54,54,54
8467,1/10,43,37,47,10,1,2,8,2,4,5,4,16,5,1,2,2,2,2,10,4,55,55,55
8468,"1/1,000",5,3,9,3,2,4,8,5,8,7,5,6,9,6,4,2,4,3,5,8,33,33,33
8468,1/10,10,12,28,6,1,2,9,3,4,10,6,14,10,4,3,3,7,3,14,18,50,50,50
853433,"1/1,000",30,21,46,10,2,4,29,7,3,11,4,16,8,2,1,3,5,4,12,12,55,55,55
853433,"1/100,000",28,16,38,12,1,4,23,5,5,8,6,12,4,1,5,3,5,1,10,13,51,51,51
85522,"1/1,000",10,2,5,3,15,18,13,5,22,8,12,9,16,13,17,22,3,2,2,21,54,54,54
85522,"1/100,000",4,0,9,2,4,5,5,3,11,5,12,5,11,3,10,9,2,3,2,17,38,38,38
8615,"1/1,000",3,3,5,3,3,3,1,3,4,3,4,4,8,2,4,5,2,2,2,5,16,16,16
8615,1/10,9,3,25,6,1,1,10,4,5,5,6,10,10,2,3,4,3,3,14,12,45,45,45
8635,"1/1,000",19,6,39,27,1,1,6,10,9,5,5,8,4,2,5,3,2,5,17,21,54,54,54
8635,"1/100,000",13,2,33,20,1,1,4,5,9,5,2,6,10,2,4,2,4,2,16,15,49,49,49
8658,"1/1,000",5,3,21,7,9,10,21,16,22,26,30,19,27,14,26,25,14,13,11,54,107,107,107
8658,"1/100,000",10,8,19,7,8,7,16,13,23,21,14,14,22,12,11,15,10,7,9,35,77,77,77
8697,"1/1,000",2,3,6,2,4,8,9,5,13,9,20,9,12,11,11,9,10,3,4,25,47,47,47
8697,1/10,4,5,9,4,3,6,13,7,15,7,15,8,16,10,11,10,6,3,3,27,51,51,51
8712,"1/10,000,000",5,4,4,2,2,4,5,2,5,5,2,4,7,3,4,3,4,7,4,8,26,26,26
8712,"1/100,000",13,6,6,2,9,9,14,3,14,15,8,10,20,9,13,14,6,4,2,11,52,52,52
8723,"1/1,000",9,5,18,9,2,4,11,16,21,13,35,15,20,20,32,15,7,7,8,60,96,96,96
8723,"1/100,000",8,9,16,1,0,4,15,7,11,10,12,14,16,6,10,6,5,6,7,19,64,64,64
875,"1/1,000",2,0,4,0,2,3,2,2,2,3,3,1,1,4,3,2,2,3,0,2,17,17,17
875,1/10,10,7,11,2,0,3,11,3,8,8,11,5,8,6,6,4,6,2,3,15,38,38,38
8785,"1/1,000",12,6,30,19,1,1,5,11,5,3,12,6,7,4,3,2,2,4,10,28,51,51,51
8785,"1/100,000",10,3,23,15,1,2,7,10,6,4,7,8,5,3,8,6,3,3,13,19,47,47,47
8797,"1/1,000",13,4,26,10,4,3,15,11,10,10,9,6,13,8,10,9,7,4,11,13,55,55,55
8797,"1/100,000",1,0,8,2,1,3,6,5,9,9,16,7,18,10,11,13,9,4,6,22,52,52,52
8815,"1/1,000",27,8,40,14,1,4,23,7,9,5,10,11,5,1,5,2,2,7,16,15,53,53,53
8815,"1/100,000",7,5,9,4,2,5,5,2,5,5,5,6,6,3,4,3,6,3,5,8,24,24,24
88454,"1/1,000",13,3,27,18,1,3,7,4,9,6,7,7,9,3,7,8,7,4,11,18,51,51,51
88454,"1/100,000",1,1,4,0,1,1,0,1,4,3,1,1,5,5,0,2,3,1,0,4,13,13,13
8857,"1/1,000",4,4,5,2,4,4,6,2,5,9,9,2,11,6,1,5,3,6,4,5,38,38,38
8857,"1/100,000",1,1,7,1,1,1,1,0,2,3,3,5,6,2,1,0,3,1,4,5,23,23,23
887,"1/1,000",3,2,7,1,1,1,6,2,6,0,3,2,4,2,2,1,4,6,3,8,23,23,23
887,1/10,3,1,7,2,2,5,8,6,11,5,9,7,10,8,8,8,4,2,2,11,33,33,33
8878,"1/1,000",18,6,37,28,2,2,8,8,11,4,6,10,5,3,2,2,3,7,17,11,54,54,54
8878,"1/100,000",7,2,15,8,0,1,2,2,6,1,3,5,6,4,1,2,2,4,3,7,25,25,25
8892,"1/1,000",2,2,6,1,6,4,6,7,26,12,19,8,23,19,19,21,6,3,2,26,55,55,55
8892,"1/100,000",1,2,3,0,5,5,4,5,22,8,13,8,20,19,21,11,2,1,1,14,51,51,51
8908,"1/1,000",13,4,33,27,1,2,6,8,7,3,4,8,5,2,3,3,4,5,14,14,48,48,48
8908,"1/100,000",8,2,7,4,0,1,2,5,5,1,3,2,3,1,1,1,0,4,4,2,15,15,15
8914,"1/1,000",3,1,13,7,1,3,8,10,11,9,17,6,8,7,11,8,5,7,11,26,52,52,52
8914,"1/100,000",2,2,5,5,2,1,5,4,7,3,9,6,13,7,6,3,4,3,7,17,35,35,35
8918,"1/1,000",1,0,8,1,1,3,6,3,8,4,9,4,8,9,5,4,6,7,3,16,38,38,38
8918,1/10,3,2,18,9,1,2,6,11,17,7,20,3,10,8,17,10,4,6,10,32,55,55,55
89440,"1/1,000",1,1,19,4,1,0,7,3,3,1,2,9,4,2,0,1,1,1,16,9,34,34,34
89440,1/10,5,3,29,10,1,2,8,7,4,4,5,8,15,3,6,4,9,11,28,14,52,52,52
9012,"1/1,000",9,5,2,0,8,15,17,1,17,30,9,9,18,5,7,9,13,3,0,16,53,53,53
9012,1/10,9,4,2,0,9,12,15,3,13,33,12,10,17,8,10,13,8,5,3,21,54,54,54
9016,"1/10,000,000",3,3,10,3,1,2,2,3,2,4,4,4,4,3,3,2,1,1,4,7,21,21,21
9016,"1/100,000",3,2,9,2,2,2,1,4,5,3,3,5,5,4,2,1,3,4,5,7,27,27,27
9024,"1/1,000",4,3,15,6,0,0,8,4,6,3,8,7,4,3,1,1,2,2,7,14,31,31,31
9024,1/10,5,3,26,11,3,3,14,9,9,3,11,9,7,3,10,2,8,11,18,18,54,54,54
9025,"1/1,000",15,3,29,14,4,5,18,15,13,8,14,15,14,5,9,6,7,4,11,28,55,55,55
9025,"1/100,000",7,6,13,2,0,3,8,3,3,14,3,8,14,4,2,4,3,2,3,8,35,35,35
9256,"1/1,000",6,2,9,2,2,3,14,5,8,6,5,4,11,4,5,4,4,6,4,11,35,35,35
9256,"1/100,000",3,3,7,1,0,2,2,4,5,4,3,5,4,2,1,3,4,2,2,7,24,24,24
9261,"1/1,000",2,1,6,0,0,3,6,3,4,4,2,3,7,2,1,1,2,4,4,10,28,28,28
9261,"1/100,000",1,0,6,1,1,3,4,7,6,6,5,5,10,10,7,8,3,3,1,12,37,37,37
92979,"1/1,000",2,1,4,2,2,3,8,8,10,9,17,5,9,8,14,7,4,2,1,24,42,42,42
92979,"1/100,000",3,2,7,2,1,3,4,9,6,4,11,4,12,6,9,5,4,4,7,12,33,33,33
93375,"1/1,000",10,4,13,8,2,3,8,10,17,7,15,5,13,6,6,4,8,8,4,20,51,51,51
93375,"1/100,000",4,2,9,4,2,1,4,4,6,2,2,3,7,2,1,1,4,8,6,3,26,26,26
957,"1/1,000",4,2,16,13,2,3,6,12,12,10,16,5,15,6,12,6,7,7,13,30,54,54,54
957,"1/100,000",3,1,12,5,1,3,8,2,6,4,5,9,8,3,5,3,3,1,9,8,27,27,27
9589,"1/1,000",16,11,10,4,3,8,11,2,11,24,9,14,13,10,10,17,14,4,7,15,55,55,55
9589,"1/100,000",7,5,11,1,1,1,4,4,6,6,2,4,7,2,3,2,4,3,4,5,29,29,29
9609,"1/10,000,000",2,2,7,0,0,1,1,3,5,3,4,5,6,2,4,3,4,4,2,5,23,23,23
9609,"1/100,000",6,2,8,1,9,14,11,4,13,10,9,7,14,7,11,15,4,6,4,12,48,48,48
962,"1/1,000",3,1,6,1,3,3,4,2,5,5,1,6,7,3,3,4,4,5,2,8,26,26,26
962,1/10,2,1,11,3,2,3,8,3,3,4,1,5,5,2,2,2,4,9,8,4,29,29,29
98330,"1/1,000",13,4,3,2,10,11,9,5,18,24,13,8,17,11,16,23,2,2,1,23,54,54,54
98330,1/10,17,6,4,3,10,13,10,5,15,24,5,9,14,11,7,26,4,2,1,11,55,55,55
9862,"1/1,000",12,4,28,19,1,2,7,10,14,5,15,8,7,5,12,8,4,8,10,24,54,54,54
9862,"1/100,000",5,2,14,2,2,3,5,1,9,4,7,9,3,5,3,1,5,4,10,13,36,36,36
994,"1/1,000",16,7,38,15,4,5,15,6,16,9,12,14,14,9,7,7,9,4,16,14,72,72,72
994,1/10,19,19,36,12,8,10,20,11,25,33,14,23,32,13,14,18,9,7,14,30,104,104,104
